model,quality,kodak,psnr,ssim,vif,bpp,mse,mae
bmshj2018-factorized,1,0,24.84,0.8229,0.9922,0.1726,3.28 × 10^-3,4.13 × 10^-2
bmshj2018-factorized,1,1,29.28,0.8679,0.986,0.1152,1.18 × 10^-3,2.29 × 10^-2
bmshj2018-factorized,1,2,30.42,0.9134,0.9887,0.1035,9.08 × 10^-4,1.9 × 10^-2
bmshj2018-factorized,1,3,28.79,0.8718,0.9925,0.1136,1.32 × 10^-3,2.44 × 10^-2
bmshj2018-factorized,1,4,23.57,0.8351,0.9939,0.194,4.39 × 10^-3,4.65 × 10^-2
bmshj2018-factorized,1,5,25.36,0.8314,0.9945,0.1405,2.91 × 10^-3,3.58 × 10^-2
bmshj2018-factorized,1,6,28.98,0.9294,1.0091,0.1329,1.27 × 10^-3,2.3 × 10^-2
bmshj2018-factorized,1,7,22.5,0.8401,0.9984,0.2067,5.62 × 10^-3,5.14 × 10^-2
bmshj2018-factorized,1,8,29.68,0.9178,1.0014,0.1128,1.08 × 10^-3,2.05 × 10^-2
bmshj2018-factorized,1,9,28.99,0.9054,0.9916,0.1143,1.26 × 10^-3,2.21 × 10^-2
bmshj2018-factorized,1,10,26.79,0.8512,0.9998,0.1302,2.09 × 10^-3,2.98 × 10^-2
bmshj2018-factorized,1,11,30.3,0.8926,1.0152,0.1074,9.33 × 10^-4,2.05 × 10^-2
bmshj2018-factorized,1,12,21.57,0.751,1.0059,0.1824,6.97 × 10^-3,5.76 × 10^-2
bmshj2018-factorized,1,13,25.32,0.8263,0.9936,0.1548,2.94 × 10^-3,3.7 × 10^-2
bmshj2018-factorized,1,14,28.94,0.8927,0.9988,0.1129,1.28 × 10^-3,2.21 × 10^-2
bmshj2018-factorized,1,15,28.25,0.8554,1.0149,0.1036,1.5 × 10^-3,2.58 × 10^-2
bmshj2018-factorized,1,16,28.69,0.9011,1.0079,0.1147,1.35 × 10^-3,2.31 × 10^-2
bmshj2018-factorized,1,17,24.89,0.8224,1.0008,0.146,3.25 × 10^-3,3.75 × 10^-2
bmshj2018-factorized,1,18,26.78,0.8652,0.9904,0.1231,2.1 × 10^-3,2.97 × 10^-2
bmshj2018-factorized,1,19,29.16,0.9117,1.0047,0.1118,1.21 × 10^-3,1.91 × 10^-2
bmshj2018-factorized,1,20,25.97,0.8763,0.9972,0.1366,2.53 × 10^-3,3.11 × 10^-2
bmshj2018-factorized,1,21,27.29,0.8409,1.0312,0.123,1.87 × 10^-3,2.95 × 10^-2
bmshj2018-factorized,1,22,30.27,0.9339,0.9894,0.1082,9.4 × 10^-4,1.85 × 10^-2
bmshj2018-factorized,1,23,24.03,0.8413,0.9998,0.1466,3.95 × 10^-3,3.77 × 10^-2
bmshj2018-factorized,1,0,25.89,0.8539,0.9946,0.2653,2.58 × 10^-3,3.66 × 10^-2
bmshj2018-factorized,1,1,30.34,0.8846,1.0134,0.1692,9.24 × 10^-4,2.03 × 10^-2
bmshj2018-factorized,1,2,31.66,0.9272,0.9931,0.1529,6.82 × 10^-4,1.65 × 10^-2
bmshj2018-factorized,1,3,29.93,0.891,0.9992,0.1706,1.02 × 10^-3,2.14 × 10^-2
bmshj2018-factorized,1,4,25.0,0.8749,0.9955,0.3013,3.16 × 10^-3,3.93 × 10^-2
bmshj2018-factorized,1,5,26.6,0.8662,0.9922,0.2213,2.19 × 10^-3,3.11 × 10^-2
bmshj2018-factorized,1,6,30.53,0.9456,0.9968,0.1939,8.86 × 10^-4,1.91 × 10^-2
bmshj2018-factorized,1,7,24.02,0.8765,1.0112,0.3129,3.97 × 10^-3,4.32 × 10^-2
bmshj2018-factorized,1,8,31.17,0.9334,1.0018,0.1657,7.63 × 10^-4,1.75 × 10^-2
bmshj2018-factorized,1,9,30.47,0.9236,0.9926,0.1719,8.98 × 10^-4,1.9 × 10^-2
bmshj2018-factorized,1,10,27.96,0.8776,0.9981,0.2003,1.6 × 10^-3,2.61 × 10^-2
bmshj2018-factorized,1,11,31.55,0.9093,1.0017,0.1595,6.99 × 10^-4,1.79 × 10^-2
bmshj2018-factorized,1,12,22.48,0.7934,1.0058,0.2952,5.65 × 10^-3,5.18 × 10^-2
bmshj2018-factorized,1,13,26.63,0.86,0.9915,0.2397,2.17 × 10^-3,3.2 × 10^-2
bmshj2018-factorized,1,14,30.07,0.9069,1.0029,0.1665,9.84 × 10^-4,1.95 × 10^-2
bmshj2018-factorized,1,15,29.54,0.8853,1.0017,0.166,1.11 × 10^-3,2.24 × 10^-2
bmshj2018-factorized,1,16,29.92,0.9193,1.0071,0.1709,1.02 × 10^-3,1.99 × 10^-2
bmshj2018-factorized,1,17,25.89,0.8568,1.0151,0.2306,2.58 × 10^-3,3.31 × 10^-2
bmshj2018-factorized,1,18,28.37,0.8873,0.9948,0.1877,1.46 × 10^-3,2.53 × 10^-2
bmshj2018-factorized,1,19,30.45,0.9242,0.9989,0.1634,9.02 × 10^-4,1.68 × 10^-2
bmshj2018-factorized,1,20,27.18,0.8996,0.9985,0.2077,1.91 × 10^-3,2.72 × 10^-2
bmshj2018-factorized,1,21,28.41,0.8666,1.0234,0.189,1.44 × 10^-3,2.6 × 10^-2
bmshj2018-factorized,1,22,31.72,0.9438,0.993,0.1548,6.73 × 10^-4,1.58 × 10^-2
bmshj2018-factorized,1,23,25.08,0.8737,0.9955,0.2313,3.1 × 10^-3,3.28 × 10^-2
bmshj2018-factorized,1,0,27.09,0.8855,0.9989,0.411,1.96 × 10^-3,3.19 × 10^-2
bmshj2018-factorized,1,1,31.6,0.903,0.9994,0.2544,6.92 × 10^-4,1.79 × 10^-2
bmshj2018-factorized,1,2,33.01,0.9411,0.9968,0.2245,5.0 × 10^-4,1.43 × 10^-2
bmshj2018-factorized,1,3,31.3,0.9121,1.0102,0.2561,7.42 × 10^-4,1.85 × 10^-2
bmshj2018-factorized,1,4,26.64,0.91,0.9916,0.46,2.17 × 10^-3,3.26 × 10^-2
bmshj2018-factorized,1,5,28.0,0.8991,1.0024,0.3428,1.59 × 10^-3,2.67 × 10^-2
bmshj2018-factorized,1,6,32.21,0.9586,1.0034,0.2791,6.01 × 10^-4,1.58 × 10^-2
bmshj2018-factorized,1,7,25.59,0.9061,1.0084,0.4723,2.76 × 10^-3,3.64 × 10^-2
bmshj2018-factorized,1,8,32.66,0.9455,0.9989,0.242,5.42 × 10^-4,1.51 × 10^-2
bmshj2018-factorized,1,9,32.17,0.9394,0.997,0.253,6.07 × 10^-4,1.61 × 10^-2
bmshj2018-factorized,1,10,29.26,0.9037,0.9989,0.3063,1.18 × 10^-3,2.26 × 10^-2
bmshj2018-factorized,1,11,32.87,0.9259,1.008,0.2369,5.16 × 10^-4,1.55 × 10^-2
bmshj2018-factorized,1,12,23.63,0.8409,1.0025,0.48,4.33 × 10^-3,4.56 × 10^-2
bmshj2018-factorized,1,13,28.13,0.8933,0.9973,0.3674,1.54 × 10^-3,2.72 × 10^-2
bmshj2018-factorized,1,14,31.33,0.9226,0.9998,0.2471,7.37 × 10^-4,1.71 × 10^-2
bmshj2018-factorized,1,15,30.9,0.912,1.0001,0.2573,8.13 × 10^-4,1.93 × 10^-2
bmshj2018-factorized,1,16,31.29,0.9354,1.0041,0.2536,7.42 × 10^-4,1.71 × 10^-2
bmshj2018-factorized,1,17,27.01,0.8901,1.0112,0.3583,1.99 × 10^-3,2.88 × 10^-2
bmshj2018-factorized,1,18,29.79,0.9083,1.0007,0.2853,1.05 × 10^-3,2.19 × 10^-2
bmshj2018-factorized,1,19,31.74,0.9365,0.9957,0.2395,6.69 × 10^-4,1.48 × 10^-2
bmshj2018-factorized,1,20,28.58,0.9221,0.9988,0.3165,1.39 × 10^-3,2.34 × 10^-2
bmshj2018-factorized,1,21,29.62,0.8933,1.0157,0.2936,1.09 × 10^-3,2.28 × 10^-2
bmshj2018-factorized,1,22,33.42,0.9533,0.99,0.2199,4.55 × 10^-4,1.34 × 10^-2
bmshj2018-factorized,1,23,26.3,0.9046,0.9986,0.3611,2.34 × 10^-3,2.83 × 10^-2
bmshj2018-factorized,1,0,28.68,0.9191,0.9987,0.6437,1.36 × 10^-3,2.68 × 10^-2
bmshj2018-factorized,1,1,32.89,0.9226,1.0187,0.3816,5.14 × 10^-4,1.56 × 10^-2
bmshj2018-factorized,1,2,34.55,0.9552,0.9988,0.3281,3.51 × 10^-4,1.21 × 10^-2
bmshj2018-factorized,1,3,32.93,0.9326,0.9999,0.3878,5.09 × 10^-4,1.57 × 10^-2
bmshj2018-factorized,1,4,28.69,0.9407,0.9995,0.6904,1.35 × 10^-3,2.59 × 10^-2
bmshj2018-factorized,1,5,29.73,0.929,1.0076,0.5298,1.06 × 10^-3,2.21 × 10^-2
bmshj2018-factorized,1,6,34.13,0.9697,0.9984,0.3988,3.87 × 10^-4,1.3 × 10^-2
bmshj2018-factorized,1,7,27.58,0.9347,1.0021,0.7133,1.75 × 10^-3,2.92 × 10^-2
bmshj2018-factorized,1,8,34.35,0.9564,1.0006,0.3501,3.68 × 10^-4,1.29 × 10^-2
bmshj2018-factorized,1,9,34.09,0.9533,1.0004,0.3668,3.9 × 10^-4,1.35 × 10^-2
bmshj2018-factorized,1,10,30.87,0.9297,1.0036,0.471,8.19 × 10^-4,1.91 × 10^-2
bmshj2018-factorized,1,11,34.39,0.9431,1.0032,0.3527,3.64 × 10^-4,1.33 × 10^-2
bmshj2018-factorized,1,12,25.17,0.8895,0.9972,0.777,3.04 × 10^-3,3.85 × 10^-2
bmshj2018-factorized,1,13,29.84,0.9237,0.9997,0.5649,1.04 × 10^-3,2.26 × 10^-2
bmshj2018-factorized,1,14,32.73,0.9388,1.0045,0.3719,5.33 × 10^-4,1.48 × 10^-2
bmshj2018-factorized,1,15,32.51,0.9365,0.9985,0.3977,5.61 × 10^-4,1.63 × 10^-2
bmshj2018-factorized,1,16,32.82,0.9505,1.0056,0.3735,5.22 × 10^-4,1.45 × 10^-2
bmshj2018-factorized,1,17,28.54,0.9202,1.0093,0.5582,1.4 × 10^-3,2.44 × 10^-2
bmshj2018-factorized,1,18,31.5,0.9307,1.0029,0.4349,7.08 × 10^-4,1.84 × 10^-2
bmshj2018-factorized,1,19,33.25,0.9503,0.9993,0.3535,4.73 × 10^-4,1.27 × 10^-2
bmshj2018-factorized,1,20,30.3,0.9416,1.0017,0.4792,9.34 × 10^-4,1.96 × 10^-2
bmshj2018-factorized,1,21,31.11,0.9203,1.0124,0.4551,7.75 × 10^-4,1.95 × 10^-2
bmshj2018-factorized,1,22,35.1,0.9616,0.9978,0.3131,3.09 × 10^-4,1.15 × 10^-2
bmshj2018-factorized,1,23,27.96,0.9341,0.9971,0.5597,1.6 × 10^-3,2.35 × 10^-2
bmshj2018-factorized,1,0,30.36,0.9453,1.0004,0.9602,9.21 × 10^-4,2.22 × 10^-2
bmshj2018-factorized,1,1,34.42,0.9418,1.0167,0.5736,3.62 × 10^-4,1.34 × 10^-2
bmshj2018-factorized,1,2,36.13,0.9664,1.0058,0.4719,2.44 × 10^-4,1.03 × 10^-2
bmshj2018-factorized,1,3,34.36,0.9491,1.0047,0.5674,3.67 × 10^-4,1.35 × 10^-2
bmshj2018-factorized,1,4,30.67,0.9609,0.9986,0.9811,8.56 × 10^-4,2.08 × 10^-2
bmshj2018-factorized,1,5,31.61,0.9521,1.0049,0.7831,6.91 × 10^-4,1.81 × 10^-2
bmshj2018-factorized,1,6,35.89,0.9771,1.0007,0.5559,2.58 × 10^-4,1.08 × 10^-2
bmshj2018-factorized,1,7,29.38,0.9545,1.0023,1.0238,1.15 × 10^-3,2.4 × 10^-2
bmshj2018-factorized,1,8,35.89,0.9641,1.0017,0.496,2.58 × 10^-4,1.12 × 10^-2
bmshj2018-factorized,1,9,35.7,0.9632,0.9998,0.523,2.69 × 10^-4,1.15 × 10^-2
bmshj2018-factorized,1,10,32.55,0.9508,1.0009,0.7012,5.56 × 10^-4,1.59 × 10^-2
bmshj2018-factorized,1,11,35.97,0.9576,1.0059,0.5176,2.53 × 10^-4,1.13 × 10^-2
bmshj2018-factorized,1,12,26.88,0.926,0.9991,1.1707,2.05 × 10^-3,3.19 × 10^-2
bmshj2018-factorized,1,13,31.57,0.9476,0.9993,0.8308,6.97 × 10^-4,1.87 × 10^-2
bmshj2018-factorized,1,14,34.07,0.9519,0.9998,0.5426,3.92 × 10^-4,1.29 × 10^-2
bmshj2018-factorized,1,15,34.26,0.9559,1.0031,0.5937,3.75 × 10^-4,1.35 × 10^-2
bmshj2018-factorized,1,16,34.44,0.9626,1.0048,0.5379,3.59 × 10^-4,1.24 × 10^-2
bmshj2018-factorized,1,17,30.25,0.942,1.0079,0.8183,9.44 × 10^-4,2.04 × 10^-2
bmshj2018-factorized,1,18,33.12,0.9496,0.9955,0.6463,4.88 × 10^-4,1.56 × 10^-2
bmshj2018-factorized,1,19,34.83,0.9616,0.9977,0.5164,3.29 × 10^-4,1.09 × 10^-2
bmshj2018-factorized,1,20,32.02,0.956,1.0023,0.6954,6.28 × 10^-4,1.65 × 10^-2
bmshj2018-factorized,1,21,32.6,0.9415,1.0077,0.6789,5.5 × 10^-4,1.66 × 10^-2
bmshj2018-factorized,1,22,36.67,0.9686,1.0011,0.4381,2.15 × 10^-4,9.87 × 10^-3
bmshj2018-factorized,1,23,29.75,0.9551,0.9992,0.8201,1.06 × 10^-3,1.93 × 10^-2
bmshj2018-factorized,1,0,33.3,0.9713,0.9999,1.5132,4.68 × 10^-4,1.62 × 10^-2
bmshj2018-factorized,1,1,36.22,0.9597,1.0017,0.8719,2.39 × 10^-4,1.11 × 10^-2
bmshj2018-factorized,1,2,38.4,0.9773,1.0,0.6861,1.45 × 10^-4,8.28 × 10^-3
bmshj2018-factorized,1,3,36.46,0.9652,1.0022,0.8566,2.26 × 10^-4,1.09 × 10^-2
bmshj2018-factorized,1,4,33.76,0.979,0.9992,1.4287,4.2 × 10^-4,1.5 × 10^-2
bmshj2018-factorized,1,5,34.65,0.9725,1.0048,1.2066,3.43 × 10^-4,1.32 × 10^-2
bmshj2018-factorized,1,6,38.08,0.9836,1.0004,0.7788,1.56 × 10^-4,8.7 × 10^-3
bmshj2018-factorized,1,7,32.66,0.9737,1.0003,1.5514,5.43 × 10^-4,1.72 × 10^-2
bmshj2018-factorized,1,8,37.83,0.971,0.9984,0.7128,1.65 × 10^-4,9.41 × 10^-3
bmshj2018-factorized,1,9,37.64,0.9716,0.9997,0.7469,1.72 × 10^-4,9.62 × 10^-3
bmshj2018-factorized,1,10,35.19,0.9692,1.0013,1.0691,3.02 × 10^-4,1.23 × 10^-2
bmshj2018-factorized,1,11,37.9,0.9698,0.9996,0.7635,1.62 × 10^-4,9.33 × 10^-3
bmshj2018-factorized,1,12,30.14,0.9631,0.9992,1.902,9.68 × 10^-4,2.26 × 10^-2
bmshj2018-factorized,1,13,34.13,0.9681,1.0001,1.2581,3.86 × 10^-4,1.44 × 10^-2
bmshj2018-factorized,1,14,36.21,0.9662,0.9987,0.8215,2.39 × 10^-4,1.05 × 10^-2
bmshj2018-factorized,1,15,36.8,0.9727,1.004,0.9021,2.09 × 10^-4,1.05 × 10^-2
bmshj2018-factorized,1,16,36.77,0.9732,1.0004,0.7921,2.1 × 10^-4,1.01 × 10^-2
bmshj2018-factorized,1,17,32.99,0.9624,1.0026,1.2505,5.02 × 10^-4,1.58 × 10^-2
bmshj2018-factorized,1,18,35.52,0.9672,0.9991,0.9866,2.8 × 10^-4,1.22 × 10^-2
bmshj2018-factorized,1,19,37.13,0.9727,1.0,0.7759,1.94 × 10^-4,8.79 × 10^-3
bmshj2018-factorized,1,20,34.8,0.9696,1.0001,1.0666,3.31 × 10^-4,1.28 × 10^-2
bmshj2018-factorized,1,21,34.84,0.9616,1.0022,1.0485,3.28 × 10^-4,1.32 × 10^-2
bmshj2018-factorized,1,22,38.45,0.9751,0.9971,0.6256,1.43 × 10^-4,8.37 × 10^-3
bmshj2018-factorized,1,23,32.94,0.9738,1.0045,1.2528,5.09 × 10^-4,1.43 × 10^-2
bmshj2018-factorized,1,0,35.83,0.9834,0.9994,2.0708,2.61 × 10^-4,1.23 × 10^-2
bmshj2018-factorized,1,1,38.17,0.9728,0.9991,1.2509,1.52 × 10^-4,9.11 × 10^-3
bmshj2018-factorized,1,3,38.37,0.9763,1.0018,1.2228,1.45 × 10^-4,8.93 × 10^-3
bmshj2018-factorized,1,4,36.02,0.987,0.9983,1.899,2.5 × 10^-4,1.17 × 10^-2
bmshj2018-factorized,1,5,37.05,0.9825,1.0008,1.6475,1.97 × 10^-4,1.03 × 10^-2
bmshj2018-factorized,1,6,39.87,0.9875,0.9986,1.0507,1.03 × 10^-4,7.26 × 10^-3
bmshj2018-factorized,1,7,35.06,0.9837,0.9994,2.1032,3.12 × 10^-4,1.32 × 10^-2
bmshj2018-factorized,1,8,39.4,0.9761,0.9981,0.9989,1.15 × 10^-4,8.09 × 10^-3
bmshj2018-factorized,1,9,39.27,0.9778,0.9998,1.0475,1.18 × 10^-4,8.16 × 10^-3
bmshj2018-factorized,1,10,37.49,0.9804,1.0027,1.4939,1.78 × 10^-4,9.67 × 10^-3
bmshj2018-factorized,1,11,39.68,0.9787,0.999,1.0758,1.08 × 10^-4,7.76 × 10^-3
bmshj2018-factorized,1,12,32.9,0.9798,0.9976,2.6168,5.13 × 10^-4,1.67 × 10^-2
bmshj2018-factorized,1,13,36.32,0.9802,0.9973,1.7348,2.34 × 10^-4,1.12 × 10^-2
bmshj2018-factorized,1,14,38.1,0.9764,0.9957,1.1711,1.55 × 10^-4,8.7 × 10^-3
bmshj2018-factorized,1,15,38.97,0.9821,1.0023,1.2566,1.27 × 10^-4,8.34 × 10^-3
bmshj2018-factorized,1,16,38.66,0.9805,1.0002,1.1143,1.36 × 10^-4,8.36 × 10^-3
bmshj2018-factorized,1,17,35.01,0.9744,1.004,1.7478,3.15 × 10^-4,1.26 × 10^-2
bmshj2018-factorized,1,18,37.54,0.9775,0.9996,1.3895,1.76 × 10^-4,9.92 × 10^-3
bmshj2018-factorized,1,19,38.9,0.9792,0.9986,1.0864,1.29 × 10^-4,7.39 × 10^-3
bmshj2018-factorized,1,20,36.98,0.9773,1.0011,1.4817,2.0 × 10^-4,1.03 × 10^-2
bmshj2018-factorized,1,21,36.81,0.9739,1.001,1.4858,2.09 × 10^-4,1.07 × 10^-2
bmshj2018-factorized,1,23,35.15,0.9833,1.0005,1.7211,3.05 × 10^-4,1.13 × 10^-2
bmshj2018-factorized,1,0,38.53,0.9907,0.9984,2.722,1.4 × 10^-4,9.11 × 10^-3
bmshj2018-factorized,1,4,38.36,0.9919,0.9998,2.4461,1.46 × 10^-4,9.0 × 10^-3
bmshj2018-factorized,1,5,39.5,0.9889,1.0019,2.1751,1.12 × 10^-4,7.87 × 10^-3
bmshj2018-factorized,1,7,37.52,0.9902,0.9998,2.7741,1.77 × 10^-4,1.01 × 10^-2
bmshj2018-factorized,1,10,39.88,0.9877,1.0007,2.0124,1.03 × 10^-4,7.51 × 10^-3
bmshj2018-factorized,1,12,36.04,0.9896,0.9987,3.4427,2.49 × 10^-4,1.18 × 10^-2
bmshj2018-factorized,1,13,38.58,0.9881,1.0002,2.3117,1.39 × 10^-4,8.67 × 10^-3
bmshj2018-factorized,1,17,37.37,0.9836,1.003,2.386,1.83 × 10^-4,9.8 × 10^-3
bmshj2018-factorized,1,18,39.74,0.9849,1.0013,1.904,1.06 × 10^-4,7.85 × 10^-3
bmshj2018-factorized,1,20,39.26,0.9835,1.0006,2.0071,1.18 × 10^-4,8.13 × 10^-3
bmshj2018-factorized,1,21,38.92,0.9826,1.0011,2.0427,1.28 × 10^-4,8.44 × 10^-3
bmshj2018-factorized,1,23,37.27,0.9893,1.0015,2.2764,1.88 × 10^-4,8.84 × 10^-3
bmshj2018-factorized,1,0,24.83,0.8236,0.9852,0.1729,3.29 × 10^-3,4.13 × 10^-2
bmshj2018-factorized,1,1,29.29,0.8676,0.9954,0.1156,1.18 × 10^-3,2.29 × 10^-2
bmshj2018-factorized,1,2,30.4,0.9135,0.9948,0.1027,9.12 × 10^-4,1.91 × 10^-2
bmshj2018-factorized,1,3,28.81,0.8726,0.9949,0.1129,1.32 × 10^-3,2.43 × 10^-2
bmshj2018-factorized,1,4,23.6,0.8357,0.9929,0.1941,4.37 × 10^-3,4.64 × 10^-2
bmshj2018-factorized,1,5,25.38,0.831,0.9872,0.1408,2.9 × 10^-3,3.57 × 10^-2
bmshj2018-factorized,1,6,29.01,0.9295,1.007,0.1332,1.26 × 10^-3,2.3 × 10^-2
bmshj2018-factorized,1,7,22.49,0.8402,0.9928,0.2051,5.63 × 10^-3,5.14 × 10^-2
bmshj2018-factorized,1,8,29.7,0.9184,1.009,0.1118,1.07 × 10^-3,2.04 × 10^-2
bmshj2018-factorized,1,9,28.97,0.9041,1.0029,0.1147,1.27 × 10^-3,2.23 × 10^-2
bmshj2018-factorized,1,10,26.8,0.852,0.982,0.1298,2.09 × 10^-3,2.97 × 10^-2
bmshj2018-factorized,1,11,30.31,0.8924,1.0084,0.1077,9.31 × 10^-4,2.04 × 10^-2
bmshj2018-factorized,1,12,21.57,0.751,0.9978,0.1823,6.96 × 10^-3,5.76 × 10^-2
bmshj2018-factorized,1,13,25.33,0.8267,0.9966,0.1533,2.93 × 10^-3,3.69 × 10^-2
bmshj2018-factorized,1,14,28.92,0.8925,0.9957,0.113,1.28 × 10^-3,2.2 × 10^-2
bmshj2018-factorized,1,15,28.24,0.8555,1.0118,0.1034,1.5 × 10^-3,2.6 × 10^-2
bmshj2018-factorized,1,16,28.72,0.9017,1.0143,0.1147,1.34 × 10^-3,2.3 × 10^-2
bmshj2018-factorized,1,17,24.89,0.8227,1.0066,0.1472,3.24 × 10^-3,3.74 × 10^-2
bmshj2018-factorized,1,18,26.79,0.865,0.9923,0.1232,2.09 × 10^-3,2.96 × 10^-2
bmshj2018-factorized,1,19,29.19,0.9122,0.9877,0.1115,1.2 × 10^-3,1.91 × 10^-2
bmshj2018-factorized,1,20,25.97,0.8761,0.9941,0.1358,2.53 × 10^-3,3.11 × 10^-2
bmshj2018-factorized,1,21,27.31,0.8415,1.0228,0.1225,1.86 × 10^-3,2.94 × 10^-2
bmshj2018-factorized,1,22,30.24,0.9335,0.9837,0.1082,9.46 × 10^-4,1.85 × 10^-2
bmshj2018-factorized,1,23,24.02,0.8419,0.9922,0.147,3.96 × 10^-3,3.78 × 10^-2
bmshj2018-factorized,1,0,25.89,0.8535,1.0017,0.2647,2.57 × 10^-3,3.65 × 10^-2
bmshj2018-factorized,1,1,30.35,0.8847,1.0095,0.1698,9.22 × 10^-4,2.04 × 10^-2
bmshj2018-factorized,1,2,31.7,0.9273,0.9877,0.1524,6.76 × 10^-4,1.64 × 10^-2
bmshj2018-factorized,1,3,29.95,0.8914,0.9905,0.17,1.01 × 10^-3,2.14 × 10^-2
bmshj2018-factorized,1,4,25.01,0.8745,0.9969,0.3003,3.16 × 10^-3,3.93 × 10^-2
bmshj2018-factorized,1,5,26.6,0.8666,0.9954,0.221,2.19 × 10^-3,3.11 × 10^-2
bmshj2018-factorized,1,6,30.52,0.9456,1.0062,0.1939,8.87 × 10^-4,1.92 × 10^-2
bmshj2018-factorized,1,7,24.03,0.8766,1.0117,0.313,3.95 × 10^-3,4.32 × 10^-2
bmshj2018-factorized,1,8,31.18,0.9333,0.9976,0.1657,7.62 × 10^-4,1.75 × 10^-2
bmshj2018-factorized,1,9,30.48,0.9234,0.9878,0.1721,8.95 × 10^-4,1.91 × 10^-2
bmshj2018-factorized,1,10,27.95,0.8779,1.0036,0.2015,1.6 × 10^-3,2.61 × 10^-2
bmshj2018-factorized,1,11,31.58,0.9096,1.0108,0.1588,6.95 × 10^-4,1.78 × 10^-2
bmshj2018-factorized,1,12,22.47,0.7937,1.0005,0.2952,5.66 × 10^-3,5.18 × 10^-2
bmshj2018-factorized,1,13,26.67,0.8603,1.0039,0.2386,2.15 × 10^-3,3.19 × 10^-2
bmshj2018-factorized,1,14,30.12,0.9071,1.0094,0.167,9.73 × 10^-4,1.94 × 10^-2
bmshj2018-factorized,1,15,29.54,0.8851,1.0022,0.1663,1.11 × 10^-3,2.25 × 10^-2
bmshj2018-factorized,1,16,29.94,0.9192,1.0047,0.1713,1.01 × 10^-3,1.99 × 10^-2
bmshj2018-factorized,1,17,25.88,0.8567,1.009,0.2316,2.58 × 10^-3,3.31 × 10^-2
bmshj2018-factorized,1,18,28.37,0.8876,0.9923,0.1876,1.46 × 10^-3,2.53 × 10^-2
bmshj2018-factorized,1,19,30.45,0.9238,1.0005,0.1637,9.01 × 10^-4,1.68 × 10^-2
bmshj2018-factorized,1,20,27.2,0.9002,1.0009,0.2076,1.9 × 10^-3,2.71 × 10^-2
bmshj2018-factorized,1,21,28.41,0.8665,1.0257,0.1891,1.44 × 10^-3,2.61 × 10^-2
bmshj2018-factorized,1,22,31.75,0.9441,0.9919,0.1547,6.68 × 10^-4,1.57 × 10^-2
bmshj2018-factorized,1,23,25.07,0.8742,1.0008,0.2318,3.11 × 10^-3,3.29 × 10^-2
bmshj2018-factorized,1,0,27.09,0.8855,0.9993,0.4103,1.95 × 10^-3,3.2 × 10^-2
bmshj2018-factorized,1,1,31.58,0.9027,1.0102,0.254,6.94 × 10^-4,1.79 × 10^-2
bmshj2018-factorized,1,2,33.03,0.9412,0.9946,0.2244,4.97 × 10^-4,1.42 × 10^-2
bmshj2018-factorized,1,3,31.28,0.9121,1.003,0.2556,7.45 × 10^-4,1.86 × 10^-2
bmshj2018-factorized,1,4,26.65,0.9099,1.0014,0.4595,2.16 × 10^-3,3.26 × 10^-2
bmshj2018-factorized,1,5,28.01,0.8993,0.9973,0.343,1.58 × 10^-3,2.66 × 10^-2
bmshj2018-factorized,1,6,32.25,0.9586,1.0025,0.2788,5.96 × 10^-4,1.58 × 10^-2
bmshj2018-factorized,1,7,25.59,0.9061,1.0091,0.472,2.76 × 10^-3,3.63 × 10^-2
bmshj2018-factorized,1,8,32.68,0.9456,0.9997,0.2412,5.4 × 10^-4,1.51 × 10^-2
bmshj2018-factorized,1,9,32.18,0.9394,0.9936,0.2526,6.05 × 10^-4,1.61 × 10^-2
bmshj2018-factorized,1,10,29.27,0.9039,1.005,0.3064,1.18 × 10^-3,2.26 × 10^-2
bmshj2018-factorized,1,11,32.87,0.9259,1.0004,0.2366,5.16 × 10^-4,1.55 × 10^-2
bmshj2018-factorized,1,12,23.63,0.8412,0.999,0.4812,4.33 × 10^-3,4.56 × 10^-2
bmshj2018-factorized,1,13,28.13,0.8929,0.9969,0.3682,1.54 × 10^-3,2.73 × 10^-2
bmshj2018-factorized,1,14,31.36,0.9227,0.9946,0.2475,7.32 × 10^-4,1.7 × 10^-2
bmshj2018-factorized,1,15,30.91,0.9119,0.993,0.2583,8.1 × 10^-4,1.93 × 10^-2
bmshj2018-factorized,1,16,31.3,0.9359,1.0041,0.2542,7.41 × 10^-4,1.71 × 10^-2
bmshj2018-factorized,1,17,27.01,0.8899,1.0107,0.3583,1.99 × 10^-3,2.88 × 10^-2
bmshj2018-factorized,1,18,29.79,0.9087,0.9976,0.2849,1.05 × 10^-3,2.19 × 10^-2
bmshj2018-factorized,1,19,31.75,0.9366,0.9994,0.2401,6.68 × 10^-4,1.47 × 10^-2
bmshj2018-factorized,1,20,28.57,0.9218,1.0012,0.3178,1.39 × 10^-3,2.34 × 10^-2
bmshj2018-factorized,1,21,29.64,0.8934,1.0153,0.2934,1.09 × 10^-3,2.28 × 10^-2
bmshj2018-factorized,1,22,33.38,0.9527,0.9916,0.2199,4.59 × 10^-4,1.35 × 10^-2
bmshj2018-factorized,1,23,26.3,0.9046,0.9982,0.3625,2.34 × 10^-3,2.83 × 10^-2
bmshj2018-factorized,1,0,28.67,0.9192,0.9978,0.6448,1.36 × 10^-3,2.68 × 10^-2
bmshj2018-factorized,1,1,32.9,0.9227,1.0072,0.3823,5.12 × 10^-4,1.56 × 10^-2
bmshj2018-factorized,1,2,34.52,0.9549,0.9984,0.3288,3.54 × 10^-4,1.22 × 10^-2
bmshj2018-factorized,1,3,32.93,0.9326,1.0016,0.3867,5.1 × 10^-4,1.57 × 10^-2
bmshj2018-factorized,1,4,28.68,0.9406,1.0008,0.6899,1.35 × 10^-3,2.6 × 10^-2
bmshj2018-factorized,1,5,29.73,0.9293,1.0015,0.5314,1.06 × 10^-3,2.21 × 10^-2
bmshj2018-factorized,1,6,34.11,0.9696,1.0014,0.3974,3.88 × 10^-4,1.3 × 10^-2
bmshj2018-factorized,1,7,27.56,0.9343,1.0042,0.7142,1.75 × 10^-3,2.93 × 10^-2
bmshj2018-factorized,1,8,34.33,0.9565,0.9985,0.3488,3.69 × 10^-4,1.29 × 10^-2
bmshj2018-factorized,1,9,34.13,0.9536,0.9995,0.367,3.87 × 10^-4,1.34 × 10^-2
bmshj2018-factorized,1,10,30.87,0.9298,1.0028,0.4715,8.19 × 10^-4,1.91 × 10^-2
bmshj2018-factorized,1,11,34.38,0.9431,1.0042,0.3527,3.65 × 10^-4,1.33 × 10^-2
bmshj2018-factorized,1,12,25.16,0.889,0.9995,0.7786,3.05 × 10^-3,3.86 × 10^-2
bmshj2018-factorized,1,13,29.83,0.9238,0.9968,0.5657,1.04 × 10^-3,2.26 × 10^-2
bmshj2018-factorized,1,14,32.72,0.939,1.0045,0.3712,5.35 × 10^-4,1.48 × 10^-2
bmshj2018-factorized,1,15,32.5,0.9363,0.9998,0.3966,5.62 × 10^-4,1.63 × 10^-2
bmshj2018-factorized,1,16,32.83,0.9506,1.0035,0.3735,5.22 × 10^-4,1.46 × 10^-2
bmshj2018-factorized,1,17,28.53,0.9199,1.0093,0.5574,1.4 × 10^-3,2.44 × 10^-2
bmshj2018-factorized,1,18,31.52,0.9309,0.9964,0.4353,7.05 × 10^-4,1.84 × 10^-2
bmshj2018-factorized,1,19,33.26,0.9503,0.9968,0.3546,4.73 × 10^-4,1.26 × 10^-2
bmshj2018-factorized,1,20,30.3,0.9418,0.9969,0.4776,9.33 × 10^-4,1.96 × 10^-2
bmshj2018-factorized,1,21,31.08,0.9198,1.0166,0.4552,7.79 × 10^-4,1.95 × 10^-2
bmshj2018-factorized,1,22,35.12,0.9619,0.9975,0.3119,3.07 × 10^-4,1.15 × 10^-2
bmshj2018-factorized,1,23,27.97,0.9342,0.997,0.5618,1.6 × 10^-3,2.34 × 10^-2
bmshj2018-factorized,1,0,30.35,0.9454,1.0026,0.9581,9.23 × 10^-4,2.23 × 10^-2
bmshj2018-factorized,1,1,34.44,0.9419,1.0175,0.5729,3.6 × 10^-4,1.34 × 10^-2
bmshj2018-factorized,1,2,36.17,0.9664,1.0033,0.4735,2.42 × 10^-4,1.03 × 10^-2
bmshj2018-factorized,1,3,34.35,0.949,1.0054,0.5674,3.67 × 10^-4,1.35 × 10^-2
bmshj2018-factorized,1,4,30.68,0.961,0.9988,0.9818,8.55 × 10^-4,2.08 × 10^-2
bmshj2018-factorized,1,5,31.61,0.9521,1.0033,0.7842,6.91 × 10^-4,1.81 × 10^-2
bmshj2018-factorized,1,6,35.9,0.9771,0.9997,0.5548,2.57 × 10^-4,1.08 × 10^-2
bmshj2018-factorized,1,7,29.39,0.9545,1.0015,1.0237,1.15 × 10^-3,2.4 × 10^-2
bmshj2018-factorized,1,8,35.91,0.9642,0.9983,0.495,2.56 × 10^-4,1.11 × 10^-2
bmshj2018-factorized,1,9,35.7,0.9632,0.9962,0.5227,2.69 × 10^-4,1.15 × 10^-2
bmshj2018-factorized,1,10,32.56,0.9508,1.0024,0.6984,5.55 × 10^-4,1.59 × 10^-2
bmshj2018-factorized,1,11,35.98,0.9576,1.0026,0.5154,2.52 × 10^-4,1.13 × 10^-2
bmshj2018-factorized,1,12,26.88,0.9261,0.9984,1.1692,2.05 × 10^-3,3.19 × 10^-2
bmshj2018-factorized,1,13,31.56,0.9475,1.0017,0.8306,6.99 × 10^-4,1.87 × 10^-2
bmshj2018-factorized,1,14,34.06,0.9518,1.0006,0.5426,3.93 × 10^-4,1.29 × 10^-2
bmshj2018-factorized,1,15,34.25,0.9559,1.0024,0.5914,3.76 × 10^-4,1.35 × 10^-2
bmshj2018-factorized,1,16,34.44,0.9625,1.0077,0.5372,3.59 × 10^-4,1.24 × 10^-2
bmshj2018-factorized,1,17,30.26,0.9423,1.003,0.8198,9.42 × 10^-4,2.04 × 10^-2
bmshj2018-factorized,1,18,33.12,0.9495,0.9977,0.6453,4.88 × 10^-4,1.56 × 10^-2
bmshj2018-factorized,1,19,34.83,0.9617,0.9978,0.5162,3.29 × 10^-4,1.09 × 10^-2
bmshj2018-factorized,1,20,32.02,0.956,1.0019,0.697,6.28 × 10^-4,1.65 × 10^-2
bmshj2018-factorized,1,21,32.59,0.9416,1.0052,0.6794,5.51 × 10^-4,1.66 × 10^-2
bmshj2018-factorized,1,22,36.69,0.9688,1.0017,0.4391,2.14 × 10^-4,9.85 × 10^-3
bmshj2018-factorized,1,23,29.76,0.9552,0.9987,0.8207,1.06 × 10^-3,1.93 × 10^-2
bmshj2018-factorized,1,0,33.28,0.9712,1.0004,1.5116,4.69 × 10^-4,1.62 × 10^-2
bmshj2018-factorized,1,1,36.23,0.9597,1.0079,0.8718,2.38 × 10^-4,1.11 × 10^-2
bmshj2018-factorized,1,2,38.36,0.9772,0.9989,0.6856,1.46 × 10^-4,8.3 × 10^-3
bmshj2018-factorized,1,3,36.47,0.9653,1.0028,0.8569,2.25 × 10^-4,1.09 × 10^-2
bmshj2018-factorized,1,4,33.77,0.9792,0.9999,1.426,4.2 × 10^-4,1.5 × 10^-2
bmshj2018-factorized,1,5,34.65,0.9724,1.0039,1.206,3.43 × 10^-4,1.33 × 10^-2
bmshj2018-factorized,1,6,38.05,0.9836,0.9984,0.7785,1.57 × 10^-4,8.72 × 10^-3
bmshj2018-factorized,1,7,32.65,0.9736,0.9999,1.5541,5.43 × 10^-4,1.72 × 10^-2
bmshj2018-factorized,1,8,37.83,0.971,0.9976,0.7117,1.65 × 10^-4,9.41 × 10^-3
bmshj2018-factorized,1,9,37.61,0.9715,1.0013,0.7484,1.73 × 10^-4,9.64 × 10^-3
bmshj2018-factorized,1,10,35.2,0.9692,1.001,1.0685,3.02 × 10^-4,1.23 × 10^-2
bmshj2018-factorized,1,11,37.87,0.9697,1.0015,0.7637,1.63 × 10^-4,9.37 × 10^-3
bmshj2018-factorized,1,12,30.15,0.9631,0.9995,1.9009,9.66 × 10^-4,2.26 × 10^-2
bmshj2018-factorized,1,13,34.12,0.968,1.0004,1.2579,3.88 × 10^-4,1.44 × 10^-2
bmshj2018-factorized,1,14,36.23,0.9664,0.9995,0.8226,2.38 × 10^-4,1.05 × 10^-2
bmshj2018-factorized,1,15,36.82,0.9727,1.0042,0.9024,2.08 × 10^-4,1.04 × 10^-2
bmshj2018-factorized,1,16,36.77,0.9732,1.0012,0.7906,2.1 × 10^-4,1.01 × 10^-2
bmshj2018-factorized,1,17,33.0,0.9625,1.0041,1.2493,5.01 × 10^-4,1.57 × 10^-2
bmshj2018-factorized,1,18,35.53,0.9671,1.0003,0.9872,2.8 × 10^-4,1.22 × 10^-2
bmshj2018-factorized,1,19,37.12,0.9727,1.0004,0.7766,1.94 × 10^-4,8.8 × 10^-3
bmshj2018-factorized,1,20,34.82,0.9696,1.0016,1.0672,3.3 × 10^-4,1.28 × 10^-2
bmshj2018-factorized,1,21,34.83,0.9616,1.0029,1.0502,3.29 × 10^-4,1.32 × 10^-2
bmshj2018-factorized,1,22,38.47,0.9751,0.9993,0.6269,1.42 × 10^-4,8.36 × 10^-3
bmshj2018-factorized,1,23,32.95,0.9739,1.0026,1.2521,5.07 × 10^-4,1.43 × 10^-2
bmshj2018-factorized,1,0,35.83,0.9834,0.9991,2.0719,2.62 × 10^-4,1.23 × 10^-2
bmshj2018-factorized,1,1,38.16,0.9728,0.9979,1.2512,1.53 × 10^-4,9.11 × 10^-3
bmshj2018-factorized,1,3,38.35,0.9762,0.9996,1.2231,1.46 × 10^-4,8.95 × 10^-3
bmshj2018-factorized,1,4,36.02,0.9869,0.9984,1.903,2.5 × 10^-4,1.17 × 10^-2
bmshj2018-factorized,1,5,37.04,0.9825,1.0021,1.6477,1.98 × 10^-4,1.03 × 10^-2
bmshj2018-factorized,1,6,39.88,0.9876,0.9973,1.0508,1.03 × 10^-4,7.26 × 10^-3
bmshj2018-factorized,1,7,35.06,0.9837,0.9992,2.1041,3.12 × 10^-4,1.32 × 10^-2
bmshj2018-factorized,1,8,39.39,0.9761,0.9983,0.9975,1.15 × 10^-4,8.09 × 10^-3
bmshj2018-factorized,1,9,39.25,0.9778,1.0,1.0472,1.19 × 10^-4,8.17 × 10^-3
bmshj2018-factorized,1,10,37.48,0.9804,0.999,1.4936,1.79 × 10^-4,9.68 × 10^-3
bmshj2018-factorized,1,11,39.69,0.9787,0.9994,1.0764,1.07 × 10^-4,7.76 × 10^-3
bmshj2018-factorized,1,12,32.91,0.9798,0.9963,2.6159,5.12 × 10^-4,1.67 × 10^-2
bmshj2018-factorized,1,13,36.31,0.9802,0.9974,1.7376,2.34 × 10^-4,1.13 × 10^-2
bmshj2018-factorized,1,14,38.11,0.9764,0.9955,1.1697,1.55 × 10^-4,8.7 × 10^-3
bmshj2018-factorized,1,15,38.98,0.9821,1.0032,1.2558,1.27 × 10^-4,8.34 × 10^-3
bmshj2018-factorized,1,16,38.66,0.9806,0.9996,1.112,1.36 × 10^-4,8.35 × 10^-3
bmshj2018-factorized,1,17,35.01,0.9743,1.0029,1.7469,3.16 × 10^-4,1.27 × 10^-2
bmshj2018-factorized,1,18,37.54,0.9774,0.9988,1.3892,1.76 × 10^-4,9.91 × 10^-3
bmshj2018-factorized,1,19,38.91,0.9793,1.0006,1.0888,1.29 × 10^-4,7.39 × 10^-3
bmshj2018-factorized,1,20,37.01,0.9775,0.9997,1.48,1.99 × 10^-4,1.03 × 10^-2
bmshj2018-factorized,1,21,36.8,0.9739,0.9989,1.4851,2.09 × 10^-4,1.07 × 10^-2
bmshj2018-factorized,1,23,35.16,0.9833,1.001,1.7177,3.05 × 10^-4,1.13 × 10^-2
bmshj2018-factorized,1,0,38.54,0.9906,0.9991,2.721,1.4 × 10^-4,9.1 × 10^-3
bmshj2018-factorized,1,4,38.32,0.9918,0.9988,2.4455,1.47 × 10^-4,9.02 × 10^-3
bmshj2018-factorized,1,5,39.52,0.989,1.0003,2.1779,1.12 × 10^-4,7.86 × 10^-3
bmshj2018-factorized,1,7,37.54,0.9903,1.0002,2.7745,1.76 × 10^-4,1.01 × 10^-2
bmshj2018-factorized,1,10,39.87,0.9876,0.9997,2.0126,1.03 × 10^-4,7.52 × 10^-3
bmshj2018-factorized,1,12,36.03,0.9895,0.9994,3.4421,2.49 × 10^-4,1.18 × 10^-2
bmshj2018-factorized,1,13,38.53,0.988,1.0002,2.3138,1.4 × 10^-4,8.7 × 10^-3
bmshj2018-factorized,1,17,37.39,0.9836,1.0028,2.3817,1.83 × 10^-4,9.79 × 10^-3
bmshj2018-factorized,1,18,39.76,0.9849,1.001,1.9035,1.06 × 10^-4,7.83 × 10^-3
bmshj2018-factorized,1,20,39.26,0.9835,1.0011,2.0088,1.19 × 10^-4,8.14 × 10^-3
bmshj2018-factorized,1,21,38.9,0.9826,1.0006,2.0424,1.29 × 10^-4,8.44 × 10^-3
bmshj2018-factorized,1,23,37.29,0.9894,1.0007,2.2776,1.87 × 10^-4,8.82 × 10^-3
bmshj2018-factorized,1,0,25.82,0.8511,0.9925,0.3255,2.62 × 10^-3,3.74 × 10^-2
bmshj2018-factorized,1,1,29.68,0.871,1.0191,0.2059,1.08 × 10^-3,2.19 × 10^-2
bmshj2018-factorized,1,2,30.81,0.916,1.0117,0.1948,8.3 × 10^-4,1.87 × 10^-2
bmshj2018-factorized,1,3,29.45,0.8789,1.0102,0.2117,1.14 × 10^-3,2.33 × 10^-2
bmshj2018-factorized,1,4,25.38,0.8749,0.9892,0.3625,2.9 × 10^-3,3.9 × 10^-2
bmshj2018-factorized,1,5,26.71,0.8589,1.0012,0.2658,2.13 × 10^-3,3.18 × 10^-2
bmshj2018-factorized,1,6,29.79,0.9356,1.0206,0.2406,1.05 × 10^-3,2.17 × 10^-2
bmshj2018-factorized,1,7,24.8,0.8814,1.0109,0.3829,3.31 × 10^-3,4.11 × 10^-2
bmshj2018-factorized,1,8,30.55,0.9247,0.9926,0.2093,8.81 × 10^-4,1.93 × 10^-2
bmshj2018-factorized,1,9,30.02,0.9097,1.0,0.2164,9.94 × 10^-4,2.11 × 10^-2
bmshj2018-factorized,1,10,27.74,0.864,0.9929,0.2442,1.68 × 10^-3,2.78 × 10^-2
bmshj2018-factorized,1,11,30.72,0.8942,1.0182,0.2016,8.47 × 10^-4,1.99 × 10^-2
bmshj2018-factorized,1,12,23.13,0.7989,0.9902,0.3585,4.86 × 10^-3,5.01 × 10^-2
bmshj2018-factorized,1,13,26.46,0.8439,1.0013,0.282,2.26 × 10^-3,3.38 × 10^-2
bmshj2018-factorized,1,14,29.58,0.8977,0.9945,0.2082,1.1 × 10^-3,2.1 × 10^-2
bmshj2018-factorized,1,15,28.95,0.8679,1.0037,0.2018,1.27 × 10^-3,2.47 × 10^-2
bmshj2018-factorized,1,16,29.52,0.906,1.0122,0.2148,1.12 × 10^-3,2.21 × 10^-2
bmshj2018-factorized,1,17,25.88,0.8449,1.0065,0.2783,2.58 × 10^-3,3.44 × 10^-2
bmshj2018-factorized,1,18,28.32,0.8771,0.9976,0.2325,1.47 × 10^-3,2.64 × 10^-2
bmshj2018-factorized,1,19,30.21,0.9163,1.0058,0.2068,9.53 × 10^-4,1.79 × 10^-2
bmshj2018-factorized,1,20,27.41,0.8987,0.9954,0.259,1.82 × 10^-3,2.75 × 10^-2
bmshj2018-factorized,1,21,27.92,0.8494,1.0437,0.233,1.61 × 10^-3,2.81 × 10^-2
bmshj2018-factorized,1,22,31.48,0.9366,0.9993,0.1959,7.11 × 10^-4,1.76 × 10^-2
bmshj2018-factorized,1,23,25.5,0.8637,1.008,0.2897,2.82 × 10^-3,3.37 × 10^-2
bmshj2018-factorized,1,0,27.34,0.8883,0.9975,0.457,1.85 × 10^-3,3.18 × 10^-2
bmshj2018-factorized,1,1,30.88,0.8883,1.0361,0.2587,8.16 × 10^-4,1.94 × 10^-2
bmshj2018-factorized,1,2,32.32,0.933,1.0082,0.2346,5.86 × 10^-4,1.59 × 10^-2
bmshj2018-factorized,1,3,30.81,0.8995,1.0097,0.2624,8.3 × 10^-4,2.02 × 10^-2
bmshj2018-factorized,1,4,27.3,0.9128,0.9958,0.5057,1.86 × 10^-3,3.15 × 10^-2
bmshj2018-factorized,1,5,28.38,0.8956,1.0049,0.3615,1.45 × 10^-3,2.66 × 10^-2
bmshj2018-factorized,1,6,31.66,0.9523,1.0086,0.2976,6.83 × 10^-4,1.76 × 10^-2
bmshj2018-factorized,1,7,26.56,0.9129,1.0047,0.5279,2.21 × 10^-3,3.39 × 10^-2
bmshj2018-factorized,1,8,32.2,0.9398,0.9946,0.2532,6.03 × 10^-4,1.64 × 10^-2
bmshj2018-factorized,1,9,31.78,0.9283,0.9968,0.2652,6.63 × 10^-4,1.77 × 10^-2
bmshj2018-factorized,1,10,29.26,0.8908,1.0051,0.3211,1.19 × 10^-3,2.37 × 10^-2
bmshj2018-factorized,1,11,32.01,0.9103,1.009,0.2392,6.29 × 10^-4,1.74 × 10^-2
bmshj2018-factorized,1,12,24.77,0.8537,0.9994,0.533,3.33 × 10^-3,4.21 × 10^-2
bmshj2018-factorized,1,13,28.13,0.8813,1.0006,0.3812,1.54 × 10^-3,2.83 × 10^-2
bmshj2018-factorized,1,14,30.88,0.9127,1.0033,0.2573,8.17 × 10^-4,1.85 × 10^-2
bmshj2018-factorized,1,15,30.41,0.8973,0.9999,0.2585,9.09 × 10^-4,2.11 × 10^-2
bmshj2018-factorized,1,16,31.05,0.9243,1.0128,0.2664,7.86 × 10^-4,1.89 × 10^-2
bmshj2018-factorized,1,17,27.54,0.8858,1.0103,0.3861,1.76 × 10^-3,2.89 × 10^-2
bmshj2018-factorized,1,18,29.73,0.8984,1.0058,0.2962,1.06 × 10^-3,2.29 × 10^-2
bmshj2018-factorized,1,19,31.6,0.9288,1.0029,0.2518,6.91 × 10^-4,1.55 × 10^-2
bmshj2018-factorized,1,20,29.07,0.9229,1.0001,0.3425,1.24 × 10^-3,2.32 × 10^-2
bmshj2018-factorized,1,21,29.3,0.8793,1.0223,0.3089,1.18 × 10^-3,2.43 × 10^-2
bmshj2018-factorized,1,22,33.12,0.9464,1.0024,0.2282,4.87 × 10^-4,1.48 × 10^-2
bmshj2018-factorized,1,23,27.25,0.9006,1.0045,0.3965,1.88 × 10^-3,2.8 × 10^-2
bmshj2018-factorized,1,0,29.11,0.9233,0.9973,0.6438,1.23 × 10^-3,2.62 × 10^-2
bmshj2018-factorized,1,1,32.17,0.9075,1.029,0.3332,6.07 × 10^-4,1.71 × 10^-2
bmshj2018-factorized,1,2,34.03,0.9489,1.0065,0.2946,3.95 × 10^-4,1.34 × 10^-2
bmshj2018-factorized,1,3,32.26,0.9194,1.0043,0.3392,5.95 × 10^-4,1.73 × 10^-2
bmshj2018-factorized,1,4,29.34,0.9421,0.9942,0.6876,1.16 × 10^-3,2.52 × 10^-2
bmshj2018-factorized,1,5,30.33,0.927,1.0011,0.4958,9.27 × 10^-4,2.17 × 10^-2
bmshj2018-factorized,1,6,33.44,0.9639,1.0049,0.3736,4.53 × 10^-4,1.45 × 10^-2
bmshj2018-factorized,1,7,28.55,0.9387,1.0012,0.717,1.4 × 10^-3,2.74 × 10^-2
bmshj2018-factorized,1,8,33.77,0.9507,1.0037,0.3136,4.19 × 10^-4,1.41 × 10^-2
bmshj2018-factorized,1,9,33.39,0.9424,0.9957,0.3288,4.58 × 10^-4,1.5 × 10^-2
bmshj2018-factorized,1,10,30.92,0.9178,1.0059,0.4354,8.09 × 10^-4,1.99 × 10^-2
bmshj2018-factorized,1,11,33.45,0.9281,1.0075,0.3042,4.52 × 10^-4,1.5 × 10^-2
bmshj2018-factorized,1,12,26.69,0.9043,0.9962,0.7797,2.14 × 10^-3,3.42 × 10^-2
bmshj2018-factorized,1,13,29.87,0.9134,0.995,0.5225,1.03 × 10^-3,2.35 × 10^-2
bmshj2018-factorized,1,14,32.37,0.9292,1.0035,0.3299,5.79 × 10^-4,1.58 × 10^-2
bmshj2018-factorized,1,15,32.14,0.9253,1.0041,0.3447,6.1 × 10^-4,1.76 × 10^-2
bmshj2018-factorized,1,16,32.69,0.9406,1.0,0.3409,5.38 × 10^-4,1.6 × 10^-2
bmshj2018-factorized,1,17,29.3,0.9176,1.0119,0.5321,1.17 × 10^-3,2.4 × 10^-2
bmshj2018-factorized,1,18,31.3,0.9216,1.0011,0.3952,7.41 × 10^-4,1.94 × 10^-2
bmshj2018-factorized,1,19,33.12,0.944,1.0007,0.3198,4.87 × 10^-4,1.35 × 10^-2
bmshj2018-factorized,1,20,30.85,0.9412,0.997,0.4561,8.23 × 10^-4,1.94 × 10^-2
bmshj2018-factorized,1,21,30.84,0.909,1.0193,0.4261,8.24 × 10^-4,2.07 × 10^-2
bmshj2018-factorized,1,22,34.56,0.9544,0.9993,0.2751,3.5 × 10^-4,1.28 × 10^-2
bmshj2018-factorized,1,23,29.1,0.9307,1.0008,0.5461,1.23 × 10^-3,2.3 × 10^-2
bmshj2018-factorized,1,0,31.16,0.9509,0.9996,0.9062,7.66 × 10^-4,2.09 × 10^-2
bmshj2018-factorized,1,1,33.65,0.9284,1.0256,0.4604,4.31 × 10^-4,1.47 × 10^-2
bmshj2018-factorized,1,2,35.7,0.9613,1.0093,0.3826,2.69 × 10^-4,1.13 × 10^-2
bmshj2018-factorized,1,3,33.89,0.9393,1.0042,0.4581,4.08 × 10^-4,1.46 × 10^-2
bmshj2018-factorized,1,4,31.35,0.9621,0.9992,0.9201,7.33 × 10^-4,2.01 × 10^-2
bmshj2018-factorized,1,5,32.33,0.9511,1.0052,0.6822,5.85 × 10^-4,1.75 × 10^-2
bmshj2018-factorized,1,6,35.22,0.973,1.0064,0.4744,3.01 × 10^-4,1.21 × 10^-2
bmshj2018-factorized,1,7,30.6,0.9569,1.0015,0.9709,8.7 × 10^-4,2.2 × 10^-2
bmshj2018-factorized,1,8,35.46,0.9598,0.999,0.3935,2.85 × 10^-4,1.2 × 10^-2
bmshj2018-factorized,1,9,35.03,0.9546,1.0017,0.4199,3.14 × 10^-4,1.28 × 10^-2
bmshj2018-factorized,1,10,32.75,0.9423,1.0041,0.5993,5.3 × 10^-4,1.65 × 10^-2
bmshj2018-factorized,1,11,35.07,0.9456,1.0063,0.3957,3.11 × 10^-4,1.27 × 10^-2
bmshj2018-factorized,1,12,28.8,0.9426,0.9931,1.1062,1.32 × 10^-3,2.7 × 10^-2
bmshj2018-factorized,1,13,31.66,0.9403,0.9986,0.7285,6.82 × 10^-4,1.94 × 10^-2
bmshj2018-factorized,1,14,33.86,0.9456,1.0032,0.4414,4.11 × 10^-4,1.37 × 10^-2
bmshj2018-factorized,1,15,33.91,0.9486,1.0001,0.4751,4.06 × 10^-4,1.45 × 10^-2
bmshj2018-factorized,1,16,34.35,0.9549,0.9995,0.4447,3.67 × 10^-4,1.34 × 10^-2
bmshj2018-factorized,1,17,31.1,0.9407,1.0016,0.7292,7.77 × 10^-4,1.99 × 10^-2
bmshj2018-factorized,1,18,33.09,0.9451,1.0024,0.5451,4.91 × 10^-4,1.61 × 10^-2
bmshj2018-factorized,1,19,34.8,0.9584,1.0009,0.4243,3.31 × 10^-4,1.14 × 10^-2
bmshj2018-factorized,1,20,32.77,0.9559,0.9998,0.6103,5.29 × 10^-4,1.6 × 10^-2
bmshj2018-factorized,1,21,32.54,0.935,1.0038,0.5907,5.58 × 10^-4,1.73 × 10^-2
bmshj2018-factorized,1,22,36.07,0.9625,0.9985,0.335,2.47 × 10^-4,1.1 × 10^-2
bmshj2018-factorized,1,23,31.11,0.9537,1.0006,0.7435,7.75 × 10^-4,1.86 × 10^-2
bmshj2018-factorized,1,0,32.89,0.9675,0.9992,1.1697,5.14 × 10^-4,1.72 × 10^-2
bmshj2018-factorized,1,1,35.2,0.9464,1.0205,0.6292,3.02 × 10^-4,1.26 × 10^-2
bmshj2018-factorized,1,2,37.35,0.9708,1.0046,0.49,1.84 × 10^-4,9.51 × 10^-3
bmshj2018-factorized,1,3,35.44,0.9556,1.0018,0.6192,2.86 × 10^-4,1.24 × 10^-2
bmshj2018-factorized,1,4,33.06,0.9744,0.9948,1.1671,4.94 × 10^-4,1.65 × 10^-2
bmshj2018-factorized,1,5,34.06,0.9665,0.9999,0.8882,3.92 × 10^-4,1.44 × 10^-2
bmshj2018-factorized,1,6,36.97,0.9795,0.9975,0.5992,2.01 × 10^-4,1.0 × 10^-2
bmshj2018-factorized,1,7,32.14,0.9691,0.9971,1.2234,6.11 × 10^-4,1.85 × 10^-2
bmshj2018-factorized,1,8,36.88,0.9667,0.9983,0.5016,2.05 × 10^-4,1.04 × 10^-2
bmshj2018-factorized,1,9,36.44,0.9639,1.0065,0.5402,2.27 × 10^-4,1.1 × 10^-2
bmshj2018-factorized,1,10,34.42,0.9609,0.9999,0.8027,3.61 × 10^-4,1.37 × 10^-2
bmshj2018-factorized,1,11,36.67,0.9599,1.0013,0.5308,2.15 × 10^-4,1.08 × 10^-2
bmshj2018-factorized,1,12,30.14,0.9616,0.9907,1.4135,9.69 × 10^-4,2.29 × 10^-2
bmshj2018-factorized,1,13,33.45,0.9606,1.001,0.9735,4.52 × 10^-4,1.58 × 10^-2
bmshj2018-factorized,1,14,35.44,0.9591,1.0003,0.5871,2.86 × 10^-4,1.16 × 10^-2
bmshj2018-factorized,1,15,35.87,0.9654,0.9984,0.6372,2.59 × 10^-4,1.18 × 10^-2
bmshj2018-factorized,1,16,35.83,0.966,1.0047,0.5777,2.61 × 10^-4,1.15 × 10^-2
bmshj2018-factorized,1,17,32.53,0.9562,1.0066,0.9534,5.59 × 10^-4,1.69 × 10^-2
bmshj2018-factorized,1,18,34.84,0.9618,0.9991,0.7333,3.28 × 10^-4,1.34 × 10^-2
bmshj2018-factorized,1,19,36.37,0.9688,1.0001,0.55,2.31 × 10^-4,9.78 × 10^-3
bmshj2018-factorized,1,20,34.31,0.9654,1.0007,0.7783,3.7 × 10^-4,1.36 × 10^-2
bmshj2018-factorized,1,21,34.15,0.9534,1.0027,0.7938,3.85 × 10^-4,1.45 × 10^-2
bmshj2018-factorized,1,22,37.52,0.9697,1.0048,0.4194,1.77 × 10^-4,9.43 × 10^-3
bmshj2018-factorized,1,23,32.47,0.9676,1.0037,0.959,5.66 × 10^-4,1.57 × 10^-2
bmshj2018-factorized,1,0,35.68,0.9817,0.9985,1.6879,2.7 × 10^-4,1.27 × 10^-2
bmshj2018-factorized,1,1,36.93,0.9621,1.0011,0.9419,2.03 × 10^-4,1.05 × 10^-2
bmshj2018-factorized,1,2,39.24,0.9786,1.0029,0.7094,1.19 × 10^-4,7.83 × 10^-3
bmshj2018-factorized,1,3,37.38,0.9686,1.0037,0.9132,1.83 × 10^-4,1.01 × 10^-2
bmshj2018-factorized,1,4,35.53,0.9842,0.9966,1.617,2.8 × 10^-4,1.26 × 10^-2
bmshj2018-factorized,1,5,36.63,0.9787,1.0003,1.2741,2.17 × 10^-4,1.1 × 10^-2
bmshj2018-factorized,1,6,38.88,0.9847,1.0003,0.8347,1.3 × 10^-4,8.21 × 10^-3
bmshj2018-factorized,1,7,34.81,0.9809,0.9953,1.7492,3.3 × 10^-4,1.39 × 10^-2
bmshj2018-factorized,1,8,38.54,0.9721,1.0001,0.715,1.4 × 10^-4,8.93 × 10^-3
bmshj2018-factorized,1,9,38.24,0.9718,0.9998,0.7785,1.5 × 10^-4,9.26 × 10^-3
bmshj2018-factorized,1,10,36.83,0.9747,1.0011,1.1735,2.08 × 10^-4,1.07 × 10^-2
bmshj2018-factorized,1,11,38.38,0.9706,1.0026,0.7789,1.45 × 10^-4,9.01 × 10^-3
bmshj2018-factorized,1,12,33.87,0.9813,0.9967,2.0905,4.1 × 10^-4,1.54 × 10^-2
bmshj2018-factorized,1,13,35.65,0.9747,1.0016,1.4029,2.73 × 10^-4,1.24 × 10^-2
bmshj2018-factorized,1,14,37.57,0.9713,1.0,0.8728,1.75 × 10^-4,9.46 × 10^-3
bmshj2018-factorized,1,15,37.99,0.9766,1.0001,0.9292,1.59 × 10^-4,9.45 × 10^-3
bmshj2018-factorized,1,16,37.9,0.9751,0.9998,0.8443,1.62 × 10^-4,9.4 × 10^-3
bmshj2018-factorized,1,17,35.06,0.9698,1.002,1.3945,3.12 × 10^-4,1.31 × 10^-2
bmshj2018-factorized,1,18,36.99,0.9732,1.0004,1.0674,2.0 × 10^-4,1.07 × 10^-2
bmshj2018-factorized,1,19,38.36,0.9765,1.0013,0.8004,1.46 × 10^-4,8.0 × 10^-3
bmshj2018-factorized,1,20,36.75,0.9738,0.9996,1.1271,2.11 × 10^-4,1.08 × 10^-2
bmshj2018-factorized,1,21,36.29,0.9684,1.0021,1.1803,2.35 × 10^-4,1.15 × 10^-2
bmshj2018-factorized,1,22,38.97,0.9752,0.9991,0.6094,1.27 × 10^-4,8.15 × 10^-3
bmshj2018-factorized,1,23,35.23,0.9795,1.0025,1.3934,3.0 × 10^-4,1.19 × 10^-2
bmshj2018-factorized,1,0,37.82,0.9885,0.9955,2.0925,1.65 × 10^-4,9.94 × 10^-3
bmshj2018-factorized,1,1,38.82,0.9742,0.9974,1.2717,1.31 × 10^-4,8.61 × 10^-3
bmshj2018-factorized,1,3,39.18,0.9783,0.9979,1.2195,1.21 × 10^-4,8.32 × 10^-3
bmshj2018-factorized,1,4,37.46,0.9895,0.9976,1.9989,1.8 × 10^-4,1.01 × 10^-2
bmshj2018-factorized,1,5,38.6,0.9857,1.0001,1.606,1.38 × 10^-4,8.82 × 10^-3
bmshj2018-factorized,1,7,36.84,0.9877,0.9981,2.1898,2.07 × 10^-4,1.1 × 10^-2
bmshj2018-factorized,1,8,39.99,0.9767,0.9989,0.9364,1.0 × 10^-4,7.71 × 10^-3
bmshj2018-factorized,1,9,39.86,0.9785,1.0029,1.0295,1.03 × 10^-4,7.78 × 10^-3
bmshj2018-factorized,1,10,38.87,0.9836,0.9992,1.5189,1.3 × 10^-4,8.53 × 10^-3
bmshj2018-factorized,1,12,35.91,0.9885,0.9964,2.5564,2.57 × 10^-4,1.22 × 10^-2
bmshj2018-factorized,1,13,37.63,0.9841,0.999,1.7962,1.72 × 10^-4,9.81 × 10^-3
bmshj2018-factorized,1,14,39.22,0.9789,0.9988,1.1376,1.2 × 10^-4,7.95 × 10^-3
bmshj2018-factorized,1,15,39.99,0.9842,1.0008,1.2023,1.0 × 10^-4,7.6 × 10^-3
bmshj2018-factorized,1,16,39.61,0.9819,1.002,1.1068,1.09 × 10^-4,7.8 × 10^-3
bmshj2018-factorized,1,17,36.88,0.9787,1.002,1.7994,2.05 × 10^-4,1.07 × 10^-2
bmshj2018-factorized,1,18,38.87,0.981,1.0011,1.391,1.3 × 10^-4,8.74 × 10^-3
bmshj2018-factorized,1,19,39.96,0.9813,0.9992,1.0251,1.01 × 10^-4,6.74 × 10^-3
bmshj2018-factorized,1,20,38.55,0.9796,0.9991,1.428,1.4 × 10^-4,8.94 × 10^-3
bmshj2018-factorized,1,21,38.09,0.9778,0.9985,1.5451,1.55 × 10^-4,9.43 × 10^-3
bmshj2018-factorized,1,23,36.77,0.9863,1.0014,1.7515,2.1 × 10^-4,9.73 × 10^-3
bmshj2018-factorized,1,0,39.96,0.9927,0.9978,2.5457,1.01 × 10^-4,7.81 × 10^-3
bmshj2018-factorized,1,4,39.5,0.9933,0.9985,2.4435,1.12 × 10^-4,7.96 × 10^-3
bmshj2018-factorized,1,7,38.83,0.9923,0.9981,2.6907,1.31 × 10^-4,8.76 × 10^-3
bmshj2018-factorized,1,12,37.87,0.9928,0.997,3.0612,1.63 × 10^-4,9.62 × 10^-3
bmshj2018-factorized,1,13,39.72,0.9902,0.9998,2.2564,1.07 × 10^-4,7.7 × 10^-3
bmshj2018-factorized,1,17,38.64,0.9861,1.003,2.294,1.37 × 10^-4,8.63 × 10^-3
bmshj2018-factorized,1,21,39.92,0.9847,0.9992,1.9753,1.02 × 10^-4,7.63 × 10^-3
bmshj2018-factorized,1,23,38.28,0.9908,0.9987,2.1656,1.49 × 10^-4,7.95 × 10^-3
bmshj2018-factorized,1,0,25.84,0.8507,1.0033,0.3201,2.61 × 10^-3,3.73 × 10^-2
bmshj2018-factorized,1,1,29.62,0.8701,1.0292,0.1936,1.09 × 10^-3,2.19 × 10^-2
bmshj2018-factorized,1,2,30.99,0.9177,1.0076,0.1865,7.96 × 10^-4,1.81 × 10^-2
bmshj2018-factorized,1,3,29.51,0.8794,1.0086,0.2032,1.12 × 10^-3,2.3 × 10^-2
bmshj2018-factorized,1,4,25.41,0.8746,1.0006,0.3647,2.87 × 10^-3,3.89 × 10^-2
bmshj2018-factorized,1,5,26.78,0.8597,1.0157,0.2545,2.1 × 10^-3,3.15 × 10^-2
bmshj2018-factorized,1,6,29.9,0.9369,1.0153,0.2379,1.02 × 10^-3,2.11 × 10^-2
bmshj2018-factorized,1,7,24.82,0.8814,1.0068,0.3897,3.3 × 10^-3,4.11 × 10^-2
bmshj2018-factorized,1,8,30.64,0.9258,1.009,0.2014,8.63 × 10^-4,1.88 × 10^-2
bmshj2018-factorized,1,9,30.05,0.9097,1.0114,0.2108,9.88 × 10^-4,2.08 × 10^-2
bmshj2018-factorized,1,10,27.79,0.8634,1.0088,0.2368,1.67 × 10^-3,2.75 × 10^-2
bmshj2018-factorized,1,11,30.83,0.8949,1.0089,0.1815,8.26 × 10^-4,1.93 × 10^-2
bmshj2018-factorized,1,12,23.21,0.8014,1.0085,0.3568,4.78 × 10^-3,4.98 × 10^-2
bmshj2018-factorized,1,13,26.54,0.8446,1.0087,0.2815,2.22 × 10^-3,3.35 × 10^-2
bmshj2018-factorized,1,14,29.68,0.8989,1.0005,0.2011,1.08 × 10^-3,2.08 × 10^-2
bmshj2018-factorized,1,15,29.0,0.8679,1.0119,0.197,1.26 × 10^-3,2.43 × 10^-2
bmshj2018-factorized,1,16,29.55,0.9054,1.013,0.211,1.11 × 10^-3,2.2 × 10^-2
bmshj2018-factorized,1,17,25.94,0.8461,1.0165,0.2728,2.54 × 10^-3,3.43 × 10^-2
bmshj2018-factorized,1,18,28.39,0.8773,1.016,0.2281,1.45 × 10^-3,2.62 × 10^-2
bmshj2018-factorized,1,19,30.25,0.9158,1.0082,0.1909,9.44 × 10^-4,1.75 × 10^-2
bmshj2018-factorized,1,20,27.47,0.8998,1.0062,0.2529,1.79 × 10^-3,2.71 × 10^-2
bmshj2018-factorized,1,21,27.96,0.8494,1.0449,0.2266,1.6 × 10^-3,2.79 × 10^-2
bmshj2018-factorized,1,22,31.57,0.9371,1.0044,0.1911,6.96 × 10^-4,1.72 × 10^-2
bmshj2018-factorized,1,23,25.65,0.8661,1.0196,0.2897,2.72 × 10^-3,3.32 × 10^-2
bmshj2018-factorized,1,0,27.43,0.8898,1.0091,0.4479,1.81 × 10^-3,3.14 × 10^-2
bmshj2018-factorized,1,1,30.8,0.8882,1.0147,0.2394,8.31 × 10^-4,1.95 × 10^-2
bmshj2018-factorized,1,2,32.43,0.9346,1.0081,0.2232,5.72 × 10^-4,1.55 × 10^-2
bmshj2018-factorized,1,3,30.91,0.9012,1.0093,0.2492,8.11 × 10^-4,1.98 × 10^-2
bmshj2018-factorized,1,4,27.44,0.9146,0.9974,0.5041,1.8 × 10^-3,3.11 × 10^-2
bmshj2018-factorized,1,5,28.54,0.8974,1.0046,0.3468,1.4 × 10^-3,2.62 × 10^-2
bmshj2018-factorized,1,6,31.77,0.9533,1.0137,0.2894,6.65 × 10^-4,1.71 × 10^-2
bmshj2018-factorized,1,7,26.69,0.9146,1.0045,0.527,2.14 × 10^-3,3.34 × 10^-2
bmshj2018-factorized,1,8,32.3,0.9404,1.0023,0.241,5.88 × 10^-4,1.6 × 10^-2
bmshj2018-factorized,1,9,31.84,0.9288,0.9991,0.2563,6.54 × 10^-4,1.75 × 10^-2
bmshj2018-factorized,1,10,29.31,0.891,1.0048,0.3109,1.17 × 10^-3,2.36 × 10^-2
bmshj2018-factorized,1,11,32.15,0.9122,1.0145,0.2184,6.09 × 10^-4,1.7 × 10^-2
bmshj2018-factorized,1,12,24.95,0.8584,1.0054,0.5297,3.2 × 10^-3,4.15 × 10^-2
bmshj2018-factorized,1,13,28.22,0.882,1.003,0.378,1.5 × 10^-3,2.81 × 10^-2
bmshj2018-factorized,1,14,31.02,0.9142,1.0034,0.2437,7.91 × 10^-4,1.81 × 10^-2
bmshj2018-factorized,1,15,30.51,0.8994,0.9981,0.2493,8.89 × 10^-4,2.08 × 10^-2
bmshj2018-factorized,1,16,31.2,0.9252,1.0082,0.2607,7.59 × 10^-4,1.86 × 10^-2
bmshj2018-factorized,1,17,27.66,0.8871,1.0203,0.3832,1.71 × 10^-3,2.86 × 10^-2
bmshj2018-factorized,1,18,29.83,0.8993,0.9992,0.2855,1.04 × 10^-3,2.26 × 10^-2
bmshj2018-factorized,1,19,31.64,0.9293,1.0047,0.2336,6.86 × 10^-4,1.54 × 10^-2
bmshj2018-factorized,1,20,29.21,0.9242,1.0087,0.3321,1.2 × 10^-3,2.28 × 10^-2
bmshj2018-factorized,1,21,29.36,0.8806,1.031,0.2983,1.16 × 10^-3,2.41 × 10^-2
bmshj2018-factorized,1,22,33.19,0.9469,1.0098,0.2204,4.79 × 10^-4,1.46 × 10^-2
bmshj2018-factorized,1,23,27.42,0.9016,1.0051,0.3956,1.81 × 10^-3,2.77 × 10^-2
bmshj2018-factorized,1,0,29.3,0.9253,1.0102,0.6364,1.18 × 10^-3,2.57 × 10^-2
bmshj2018-factorized,1,1,32.2,0.9073,1.0254,0.3119,6.02 × 10^-4,1.71 × 10^-2
bmshj2018-factorized,1,2,34.14,0.9495,1.0108,0.2809,3.86 × 10^-4,1.32 × 10^-2
bmshj2018-factorized,1,3,32.39,0.921,1.0047,0.3229,5.77 × 10^-4,1.7 × 10^-2
bmshj2018-factorized,1,4,29.5,0.9426,1.001,0.6836,1.12 × 10^-3,2.48 × 10^-2
bmshj2018-factorized,1,5,30.46,0.9277,1.0059,0.48,9.0 × 10^-4,2.14 × 10^-2
bmshj2018-factorized,1,6,33.57,0.965,1.0043,0.3598,4.4 × 10^-4,1.42 × 10^-2
bmshj2018-factorized,1,7,28.73,0.9392,1.0052,0.7184,1.34 × 10^-3,2.69 × 10^-2
bmshj2018-factorized,1,8,33.88,0.9516,1.0019,0.2981,4.09 × 10^-4,1.38 × 10^-2
bmshj2018-factorized,1,9,33.56,0.9436,0.9992,0.3185,4.41 × 10^-4,1.48 × 10^-2
bmshj2018-factorized,1,10,30.99,0.9179,1.006,0.422,7.97 × 10^-4,1.98 × 10^-2
bmshj2018-factorized,1,11,33.54,0.9291,1.0096,0.2742,4.42 × 10^-4,1.48 × 10^-2
bmshj2018-factorized,1,12,26.95,0.9082,0.998,0.7831,2.02 × 10^-3,3.34 × 10^-2
bmshj2018-factorized,1,13,29.98,0.9141,1.0049,0.5216,1.0 × 10^-3,2.33 × 10^-2
bmshj2018-factorized,1,14,32.52,0.9309,1.005,0.3161,5.6 × 10^-4,1.56 × 10^-2
bmshj2018-factorized,1,15,32.22,0.9265,1.0107,0.3356,6.0 × 10^-4,1.74 × 10^-2
bmshj2018-factorized,1,16,32.78,0.9411,1.0051,0.3317,5.27 × 10^-4,1.58 × 10^-2
bmshj2018-factorized,1,17,29.48,0.9187,1.013,0.528,1.13 × 10^-3,2.37 × 10^-2
bmshj2018-factorized,1,18,31.44,0.9238,0.9995,0.38,7.18 × 10^-4,1.91 × 10^-2
bmshj2018-factorized,1,19,33.19,0.9444,1.0043,0.2978,4.8 × 10^-4,1.33 × 10^-2
bmshj2018-factorized,1,20,31.04,0.9427,1.001,0.4491,7.88 × 10^-4,1.9 × 10^-2
bmshj2018-factorized,1,21,30.9,0.9098,1.016,0.4099,8.13 × 10^-4,2.06 × 10^-2
bmshj2018-factorized,1,22,34.78,0.9558,1.0045,0.2628,3.33 × 10^-4,1.24 × 10^-2
bmshj2018-factorized,1,23,29.32,0.9317,1.0074,0.5411,1.17 × 10^-3,2.26 × 10^-2
bmshj2018-factorized,1,0,31.26,0.9517,1.0068,0.8931,7.47 × 10^-4,2.07 × 10^-2
bmshj2018-factorized,1,1,33.63,0.9277,1.0093,0.4235,4.34 × 10^-4,1.48 × 10^-2
bmshj2018-factorized,1,2,35.76,0.9618,1.0006,0.3667,2.65 × 10^-4,1.11 × 10^-2
bmshj2018-factorized,1,3,33.94,0.9402,1.0019,0.4346,4.04 × 10^-4,1.45 × 10^-2
bmshj2018-factorized,1,4,31.48,0.9626,0.9987,0.9146,7.11 × 10^-4,1.99 × 10^-2
bmshj2018-factorized,1,5,32.45,0.951,1.0068,0.6622,5.69 × 10^-4,1.73 × 10^-2
bmshj2018-factorized,1,6,35.36,0.9738,1.0013,0.4561,2.91 × 10^-4,1.18 × 10^-2
bmshj2018-factorized,1,7,30.69,0.9571,1.0021,0.9632,8.54 × 10^-4,2.18 × 10^-2
bmshj2018-factorized,1,8,35.48,0.9603,1.0,0.3762,2.83 × 10^-4,1.19 × 10^-2
bmshj2018-factorized,1,9,35.05,0.955,1.0041,0.4039,3.12 × 10^-4,1.27 × 10^-2
bmshj2018-factorized,1,10,32.75,0.9415,1.0027,0.5784,5.31 × 10^-4,1.65 × 10^-2
bmshj2018-factorized,1,11,35.06,0.9456,0.9975,0.3626,3.12 × 10^-4,1.27 × 10^-2
bmshj2018-factorized,1,12,28.95,0.9433,0.9992,1.108,1.27 × 10^-3,2.67 × 10^-2
bmshj2018-factorized,1,13,31.76,0.9408,1.0015,0.7237,6.66 × 10^-4,1.92 × 10^-2
bmshj2018-factorized,1,14,34.01,0.9466,1.001,0.4242,3.97 × 10^-4,1.35 × 10^-2
bmshj2018-factorized,1,15,34.05,0.9493,1.0015,0.4627,3.93 × 10^-4,1.43 × 10^-2
bmshj2018-factorized,1,16,34.4,0.955,0.9987,0.4326,3.63 × 10^-4,1.34 × 10^-2
bmshj2018-factorized,1,17,31.17,0.941,1.0061,0.7203,7.63 × 10^-4,1.98 × 10^-2
bmshj2018-factorized,1,18,33.16,0.946,1.0,0.5269,4.83 × 10^-4,1.6 × 10^-2
bmshj2018-factorized,1,19,34.82,0.9584,0.9987,0.3927,3.3 × 10^-4,1.13 × 10^-2
bmshj2018-factorized,1,20,32.93,0.9568,1.0033,0.5989,5.09 × 10^-4,1.57 × 10^-2
bmshj2018-factorized,1,21,32.57,0.9348,1.0111,0.5687,5.53 × 10^-4,1.72 × 10^-2
bmshj2018-factorized,1,22,36.19,0.9635,0.9974,0.3219,2.41 × 10^-4,1.08 × 10^-2
bmshj2018-factorized,1,23,31.23,0.9534,0.9993,0.7347,7.54 × 10^-4,1.84 × 10^-2
bmshj2018-factorized,1,0,33.71,0.971,1.0005,1.3105,4.26 × 10^-4,1.59 × 10^-2
bmshj2018-factorized,1,1,35.28,0.9468,1.0181,0.6574,2.97 × 10^-4,1.25 × 10^-2
bmshj2018-factorized,1,2,37.66,0.972,1.0095,0.5426,1.71 × 10^-4,9.23 × 10^-3
bmshj2018-factorized,1,3,35.69,0.9562,1.0118,0.6673,2.7 × 10^-4,1.21 × 10^-2
bmshj2018-factorized,1,4,33.85,0.9767,1.0011,1.2789,4.12 × 10^-4,1.53 × 10^-2
bmshj2018-factorized,1,5,34.72,0.9676,0.9982,0.9792,3.37 × 10^-4,1.36 × 10^-2
bmshj2018-factorized,1,6,37.32,0.9806,1.0085,0.6493,1.86 × 10^-4,9.64 × 10^-3
bmshj2018-factorized,1,7,33.15,0.9712,0.9984,1.3766,4.84 × 10^-4,1.68 × 10^-2
bmshj2018-factorized,1,8,37.13,0.9672,1.0052,0.5532,1.94 × 10^-4,1.02 × 10^-2
bmshj2018-factorized,1,9,36.71,0.9642,1.0061,0.5863,2.13 × 10^-4,1.08 × 10^-2
bmshj2018-factorized,1,10,34.89,0.9606,1.0033,0.8687,3.24 × 10^-4,1.32 × 10^-2
bmshj2018-factorized,1,11,36.65,0.9592,1.0067,0.5562,2.16 × 10^-4,1.08 × 10^-2
bmshj2018-factorized,1,12,32.13,0.9696,0.9949,1.6814,6.13 × 10^-4,1.9 × 10^-2
bmshj2018-factorized,1,13,33.96,0.9613,1.002,1.0637,4.02 × 10^-4,1.52 × 10^-2
bmshj2018-factorized,1,14,35.91,0.9611,1.0029,0.6475,2.56 × 10^-4,1.12 × 10^-2
bmshj2018-factorized,1,15,36.05,0.9655,1.0017,0.6957,2.48 × 10^-4,1.16 × 10^-2
bmshj2018-factorized,1,16,36.28,0.9662,1.006,0.6414,2.35 × 10^-4,1.12 × 10^-2
bmshj2018-factorized,1,17,33.53,0.9585,1.0033,1.0765,4.43 × 10^-4,1.57 × 10^-2
bmshj2018-factorized,1,18,35.16,0.9625,0.998,0.8058,3.05 × 10^-4,1.3 × 10^-2
bmshj2018-factorized,1,19,36.7,0.9695,1.0015,0.6029,2.14 × 10^-4,9.76 × 10^-3
bmshj2018-factorized,1,20,35.11,0.9672,0.9984,0.8842,3.08 × 10^-4,1.27 × 10^-2
bmshj2018-factorized,1,21,34.54,0.955,1.0083,0.87,3.51 × 10^-4,1.4 × 10^-2
bmshj2018-factorized,1,22,37.86,0.9707,1.0003,0.4799,1.64 × 10^-4,9.16 × 10^-3
bmshj2018-factorized,1,23,33.68,0.9698,1.0058,1.0817,4.29 × 10^-4,1.44 × 10^-2
bmshj2018-factorized,1,0,36.04,0.9822,1.0019,1.6928,2.49 × 10^-4,1.22 × 10^-2
bmshj2018-factorized,1,1,36.97,0.962,1.0076,0.8868,2.01 × 10^-4,1.05 × 10^-2
bmshj2018-factorized,1,2,39.38,0.9789,1.0068,0.6753,1.15 × 10^-4,7.74 × 10^-3
bmshj2018-factorized,1,3,37.46,0.9683,1.0051,0.8774,1.8 × 10^-4,1.01 × 10^-2
bmshj2018-factorized,1,4,35.94,0.9849,1.002,1.6136,2.54 × 10^-4,1.21 × 10^-2
bmshj2018-factorized,1,5,36.86,0.9786,1.0035,1.2614,2.06 × 10^-4,1.07 × 10^-2
bmshj2018-factorized,1,6,39.11,0.9851,1.0046,0.797,1.23 × 10^-4,8.01 × 10^-3
bmshj2018-factorized,1,7,35.27,0.9811,1.0015,1.7635,2.97 × 10^-4,1.33 × 10^-2
bmshj2018-factorized,1,8,38.63,0.972,1.0001,0.681,1.37 × 10^-4,8.86 × 10^-3
bmshj2018-factorized,1,9,38.27,0.9713,1.0027,0.7354,1.49 × 10^-4,9.24 × 10^-3
bmshj2018-factorized,1,10,36.95,0.9743,1.0026,1.1372,2.02 × 10^-4,1.06 × 10^-2
bmshj2018-factorized,1,11,38.37,0.9701,1.0042,0.7227,1.45 × 10^-4,9.03 × 10^-3
bmshj2018-factorized,1,12,34.36,0.9823,1.0017,2.1352,3.67 × 10^-4,1.47 × 10^-2
bmshj2018-factorized,1,13,36.0,0.9753,1.0062,1.3894,2.51 × 10^-4,1.2 × 10^-2
bmshj2018-factorized,1,14,37.67,0.9712,1.0003,0.8374,1.71 × 10^-4,9.37 × 10^-3
bmshj2018-factorized,1,15,38.08,0.9767,1.0029,0.9048,1.55 × 10^-4,9.34 × 10^-3
bmshj2018-factorized,1,16,37.97,0.9748,1.0029,0.8176,1.59 × 10^-4,9.38 × 10^-3
bmshj2018-factorized,1,17,35.3,0.97,1.0048,1.3843,2.95 × 10^-4,1.28 × 10^-2
bmshj2018-factorized,1,18,37.16,0.9733,1.0018,1.0556,1.93 × 10^-4,1.06 × 10^-2
bmshj2018-factorized,1,19,38.48,0.9766,1.0042,0.7641,1.42 × 10^-4,7.85 × 10^-3
bmshj2018-factorized,1,20,37.01,0.974,1.002,1.1151,1.99 × 10^-4,1.05 × 10^-2
bmshj2018-factorized,1,21,36.41,0.9683,1.0073,1.1496,2.29 × 10^-4,1.14 × 10^-2
bmshj2018-factorized,1,22,39.28,0.976,1.0012,0.5842,1.18 × 10^-4,7.93 × 10^-3
bmshj2018-factorized,1,23,35.47,0.9797,1.0041,1.3712,2.84 × 10^-4,1.16 × 10^-2
bmshj2018-factorized,1,0,38.18,0.9888,1.0016,2.1207,1.52 × 10^-4,9.58 × 10^-3
bmshj2018-factorized,1,1,38.78,0.9735,1.0045,1.2115,1.32 × 10^-4,8.69 × 10^-3
bmshj2018-factorized,1,3,39.18,0.9775,1.0007,1.1648,1.21 × 10^-4,8.36 × 10^-3
bmshj2018-factorized,1,4,37.82,0.9899,1.0008,2.023,1.65 × 10^-4,9.72 × 10^-3
bmshj2018-factorized,1,5,38.83,0.9855,1.0019,1.5995,1.31 × 10^-4,8.64 × 10^-3
bmshj2018-factorized,1,7,37.18,0.9878,1.0009,2.22,1.91 × 10^-4,1.07 × 10^-2
bmshj2018-factorized,1,8,39.92,0.9758,0.999,0.8791,1.02 × 10^-4,7.81 × 10^-3
bmshj2018-factorized,1,9,39.71,0.9774,1.0014,0.964,1.07 × 10^-4,7.94 × 10^-3
bmshj2018-factorized,1,10,38.92,0.9831,1.0016,1.4747,1.28 × 10^-4,8.52 × 10^-3
bmshj2018-factorized,1,12,36.4,0.9893,1.0006,2.6304,2.29 × 10^-4,1.15 × 10^-2
bmshj2018-factorized,1,13,37.79,0.984,1.0027,1.7994,1.66 × 10^-4,9.71 × 10^-3
bmshj2018-factorized,1,14,39.33,0.9789,0.9978,1.0995,1.17 × 10^-4,7.89 × 10^-3
bmshj2018-factorized,1,15,40.0,0.9839,1.0034,1.173,1.0 × 10^-4,7.62 × 10^-3
bmshj2018-factorized,1,16,39.61,0.9814,1.0024,1.0652,1.09 × 10^-4,7.86 × 10^-3
bmshj2018-factorized,1,17,37.0,0.9788,1.0044,1.7959,1.99 × 10^-4,1.05 × 10^-2
bmshj2018-factorized,1,18,39.0,0.9805,1.0006,1.3673,1.26 × 10^-4,8.66 × 10^-3
bmshj2018-factorized,1,20,38.77,0.9792,1.0009,1.4101,1.33 × 10^-4,8.78 × 10^-3
bmshj2018-factorized,1,21,38.19,0.9775,1.0032,1.5069,1.52 × 10^-4,9.38 × 10^-3
bmshj2018-factorized,1,23,36.99,0.9862,1.0061,1.73,2.0 × 10^-4,9.59 × 10^-3
bmshj2018-factorized,1,4,39.78,0.9934,1.0012,2.4676,1.05 × 10^-4,7.73 × 10^-3
bmshj2018-factorized,1,7,39.2,0.9925,1.0005,2.7314,1.2 × 10^-4,8.43 × 10^-3
bmshj2018-factorized,1,12,38.45,0.9935,1.0001,3.1683,1.43 × 10^-4,9.02 × 10^-3
bmshj2018-factorized,1,13,39.76,0.9901,1.0003,2.2607,1.06 × 10^-4,7.64 × 10^-3
bmshj2018-factorized,1,17,38.78,0.986,1.002,2.2873,1.32 × 10^-4,8.5 × 10^-3
bmshj2018-factorized,1,21,40.0,0.9844,1.0007,1.9312,1.0 × 10^-4,7.6 × 10^-3
bmshj2018-factorized,1,23,38.49,0.9907,1.002,2.1438,1.42 × 10^-4,7.84 × 10^-3
bmshj2018-factorized,1,0,26.06,0.8538,0.9988,0.2867,2.48 × 10^-3,3.62 × 10^-2
bmshj2018-factorized,1,1,30.05,0.8748,1.0127,0.1713,9.88 × 10^-4,2.08 × 10^-2
bmshj2018-factorized,1,2,31.44,0.9223,1.0025,0.1702,7.18 × 10^-4,1.71 × 10^-2
bmshj2018-factorized,1,3,29.82,0.883,0.999,0.184,1.04 × 10^-3,2.21 × 10^-2
bmshj2018-factorized,1,4,25.92,0.8817,0.9977,0.3518,2.56 × 10^-3,3.68 × 10^-2
bmshj2018-factorized,1,5,27.12,0.8662,0.9963,0.2444,1.94 × 10^-3,3.03 × 10^-2
bmshj2018-factorized,1,6,30.41,0.9414,1.0122,0.2185,9.11 × 10^-4,1.96 × 10^-2
bmshj2018-factorized,1,7,25.28,0.8873,1.0105,0.3651,2.97 × 10^-3,3.9 × 10^-2
bmshj2018-factorized,1,8,31.13,0.9293,0.9962,0.1853,7.7 × 10^-4,1.78 × 10^-2
bmshj2018-factorized,1,9,30.62,0.9148,0.9826,0.1956,8.66 × 10^-4,1.96 × 10^-2
bmshj2018-factorized,1,10,28.12,0.8685,1.004,0.2212,1.54 × 10^-3,2.65 × 10^-2
bmshj2018-factorized,1,11,31.15,0.8982,1.0021,0.1673,7.67 × 10^-4,1.86 × 10^-2
bmshj2018-factorized,1,12,23.53,0.8075,1.0077,0.3556,4.44 × 10^-3,4.84 × 10^-2
bmshj2018-factorized,1,13,26.92,0.8505,1.0059,0.2692,2.03 × 10^-3,3.22 × 10^-2
bmshj2018-factorized,1,14,30.03,0.9005,0.9998,0.1804,9.93 × 10^-4,1.99 × 10^-2
bmshj2018-factorized,1,15,29.28,0.8731,0.9942,0.1867,1.18 × 10^-3,2.35 × 10^-2
bmshj2018-factorized,1,16,30.0,0.91,1.0042,0.2013,1.0 × 10^-3,2.11 × 10^-2
bmshj2018-factorized,1,17,26.23,0.852,1.0196,0.2667,2.38 × 10^-3,3.32 × 10^-2
bmshj2018-factorized,1,18,28.69,0.8802,1.0043,0.2133,1.35 × 10^-3,2.53 × 10^-2
bmshj2018-factorized,1,19,30.67,0.9183,1.0058,0.1788,8.58 × 10^-4,1.67 × 10^-2
bmshj2018-factorized,1,20,27.77,0.9025,1.005,0.2412,1.67 × 10^-3,2.62 × 10^-2
bmshj2018-factorized,1,21,28.19,0.8532,1.0247,0.2094,1.52 × 10^-3,2.71 × 10^-2
bmshj2018-factorized,1,22,32.16,0.9398,1.0076,0.1755,6.09 × 10^-4,1.61 × 10^-2
bmshj2018-factorized,1,23,26.06,0.8717,1.0105,0.2786,2.48 × 10^-3,3.18 × 10^-2
bmshj2018-factorized,1,0,27.61,0.8915,1.0056,0.4184,1.74 × 10^-3,3.08 × 10^-2
bmshj2018-factorized,1,1,31.11,0.891,1.0131,0.2125,7.75 × 10^-4,1.89 × 10^-2
bmshj2018-factorized,1,2,32.8,0.9371,1.0068,0.206,5.25 × 10^-4,1.49 × 10^-2
bmshj2018-factorized,1,3,31.21,0.9028,1.0034,0.2315,7.57 × 10^-4,1.92 × 10^-2
bmshj2018-factorized,1,4,27.81,0.9171,1.0013,0.488,1.66 × 10^-3,2.99 × 10^-2
bmshj2018-factorized,1,5,28.8,0.8999,1.0046,0.3366,1.32 × 10^-3,2.55 × 10^-2
bmshj2018-factorized,1,6,32.15,0.9556,1.014,0.2708,6.1 × 10^-4,1.63 × 10^-2
bmshj2018-factorized,1,7,27.17,0.9191,1.0044,0.5127,1.92 × 10^-3,3.18 × 10^-2
bmshj2018-factorized,1,8,32.65,0.9418,1.0021,0.226,5.43 × 10^-4,1.54 × 10^-2
bmshj2018-factorized,1,9,32.28,0.9315,0.9998,0.2403,5.91 × 10^-4,1.67 × 10^-2
bmshj2018-factorized,1,10,29.6,0.8943,1.0079,0.2953,1.1 × 10^-3,2.28 × 10^-2
bmshj2018-factorized,1,11,32.38,0.9143,1.0025,0.2027,5.78 × 10^-4,1.66 × 10^-2
bmshj2018-factorized,1,12,25.26,0.8615,1.009,0.5355,2.98 × 10^-3,4.03 × 10^-2
bmshj2018-factorized,1,13,28.47,0.8838,1.0043,0.363,1.42 × 10^-3,2.74 × 10^-2
bmshj2018-factorized,1,14,31.31,0.9159,1.0063,0.224,7.39 × 10^-4,1.75 × 10^-2
bmshj2018-factorized,1,15,30.72,0.902,1.0028,0.2385,8.47 × 10^-4,2.02 × 10^-2
bmshj2018-factorized,1,16,31.41,0.9259,1.0129,0.2502,7.22 × 10^-4,1.83 × 10^-2
bmshj2018-factorized,1,17,27.93,0.8896,1.0243,0.3747,1.61 × 10^-3,2.8 × 10^-2
bmshj2018-factorized,1,18,30.06,0.9009,1.0044,0.2731,9.85 × 10^-4,2.2 × 10^-2
bmshj2018-factorized,1,19,31.95,0.9308,1.0072,0.2173,6.38 × 10^-4,1.49 × 10^-2
bmshj2018-factorized,1,20,29.44,0.9252,1.0087,0.3245,1.14 × 10^-3,2.22 × 10^-2
bmshj2018-factorized,1,21,29.52,0.8817,1.0219,0.2813,1.12 × 10^-3,2.37 × 10^-2
bmshj2018-factorized,1,22,33.59,0.9486,0.9975,0.2055,4.38 × 10^-4,1.39 × 10^-2
bmshj2018-factorized,1,23,27.81,0.9053,1.0012,0.387,1.66 × 10^-3,2.66 × 10^-2
bmshj2018-factorized,1,0,29.42,0.9254,1.0073,0.6005,1.14 × 10^-3,2.53 × 10^-2
bmshj2018-factorized,1,1,32.31,0.9086,1.0111,0.2803,5.87 × 10^-4,1.68 × 10^-2
bmshj2018-factorized,1,2,34.35,0.9512,0.9969,0.2585,3.67 × 10^-4,1.27 × 10^-2
bmshj2018-factorized,1,3,32.6,0.9221,1.0059,0.3002,5.5 × 10^-4,1.66 × 10^-2
bmshj2018-factorized,1,4,29.78,0.9438,0.9989,0.658,1.05 × 10^-3,2.41 × 10^-2
bmshj2018-factorized,1,5,30.67,0.929,1.0083,0.4655,8.58 × 10^-4,2.09 × 10^-2
bmshj2018-factorized,1,6,33.91,0.9664,1.015,0.3352,4.06 × 10^-4,1.36 × 10^-2
bmshj2018-factorized,1,7,29.08,0.9411,1.0035,0.692,1.24 × 10^-3,2.59 × 10^-2
bmshj2018-factorized,1,8,34.17,0.9526,1.0007,0.2773,3.83 × 10^-4,1.34 × 10^-2
bmshj2018-factorized,1,9,33.8,0.9451,1.0005,0.2965,4.17 × 10^-4,1.44 × 10^-2
bmshj2018-factorized,1,10,31.18,0.9191,1.0009,0.3968,7.61 × 10^-4,1.94 × 10^-2
bmshj2018-factorized,1,11,33.72,0.9302,1.0003,0.2542,4.25 × 10^-4,1.45 × 10^-2
bmshj2018-factorized,1,12,27.19,0.9093,1.0079,0.7836,1.91 × 10^-3,3.27 × 10^-2
bmshj2018-factorized,1,13,30.13,0.9147,1.0025,0.499,9.69 × 10^-4,2.3 × 10^-2
bmshj2018-factorized,1,14,32.7,0.9322,1.0027,0.2895,5.37 × 10^-4,1.53 × 10^-2
bmshj2018-factorized,1,15,32.38,0.928,0.9971,0.3206,5.78 × 10^-4,1.7 × 10^-2
bmshj2018-factorized,1,16,32.99,0.9417,1.0066,0.3159,5.02 × 10^-4,1.56 × 10^-2
bmshj2018-factorized,1,17,29.69,0.9204,1.0042,0.5157,1.07 × 10^-3,2.33 × 10^-2
bmshj2018-factorized,1,18,31.59,0.9244,1.0065,0.365,6.93 × 10^-4,1.88 × 10^-2
bmshj2018-factorized,1,19,33.39,0.945,0.9948,0.2757,4.58 × 10^-4,1.29 × 10^-2
bmshj2018-factorized,1,20,31.23,0.9432,1.0058,0.4323,7.54 × 10^-4,1.86 × 10^-2
bmshj2018-factorized,1,21,31.03,0.9105,1.0109,0.3886,7.89 × 10^-4,2.03 × 10^-2
bmshj2018-factorized,1,22,34.94,0.9567,1.0004,0.2426,3.21 × 10^-4,1.21 × 10^-2
bmshj2018-factorized,1,23,29.68,0.9336,1.006,0.526,1.08 × 10^-3,2.19 × 10^-2
bmshj2018-factorized,1,0,31.37,0.9515,1.0037,0.8435,7.3 × 10^-4,2.04 × 10^-2
bmshj2018-factorized,1,1,33.76,0.9284,1.0082,0.3841,4.21 × 10^-4,1.45 × 10^-2
bmshj2018-factorized,1,2,36.03,0.9627,1.004,0.3315,2.5 × 10^-4,1.08 × 10^-2
bmshj2018-factorized,1,3,34.05,0.9405,1.0046,0.4084,3.94 × 10^-4,1.43 × 10^-2
bmshj2018-factorized,1,4,31.72,0.9631,0.9997,0.8727,6.73 × 10^-4,1.94 × 10^-2
bmshj2018-factorized,1,5,32.6,0.9516,0.9984,0.6374,5.49 × 10^-4,1.7 × 10^-2
bmshj2018-factorized,1,6,35.68,0.9746,1.0042,0.422,2.7 × 10^-4,1.13 × 10^-2
bmshj2018-factorized,1,7,30.96,0.9575,0.999,0.913,8.02 × 10^-4,2.12 × 10^-2
bmshj2018-factorized,1,8,35.72,0.9611,1.002,0.3484,2.68 × 10^-4,1.16 × 10^-2
bmshj2018-factorized,1,9,35.34,0.9563,1.0021,0.3736,2.93 × 10^-4,1.23 × 10^-2
bmshj2018-factorized,1,10,32.9,0.9425,0.998,0.5407,5.12 × 10^-4,1.62 × 10^-2
bmshj2018-factorized,1,11,35.19,0.9461,0.9994,0.3337,3.03 × 10^-4,1.25 × 10^-2
bmshj2018-factorized,1,12,29.08,0.9432,0.9971,1.094,1.23 × 10^-3,2.64 × 10^-2
bmshj2018-factorized,1,13,31.93,0.9413,1.0017,0.6905,6.41 × 10^-4,1.89 × 10^-2
bmshj2018-factorized,1,14,34.17,0.947,0.9966,0.3875,3.83 × 10^-4,1.32 × 10^-2
bmshj2018-factorized,1,15,34.22,0.9503,0.9978,0.4349,3.78 × 10^-4,1.4 × 10^-2
bmshj2018-factorized,1,16,34.59,0.9554,0.9994,0.4096,3.48 × 10^-4,1.32 × 10^-2
bmshj2018-factorized,1,17,31.33,0.9418,1.0056,0.6993,7.36 × 10^-4,1.94 × 10^-2
bmshj2018-factorized,1,18,33.24,0.9455,0.998,0.5012,4.74 × 10^-4,1.58 × 10^-2
bmshj2018-factorized,1,19,34.98,0.9584,1.0012,0.3635,3.18 × 10^-4,1.11 × 10^-2
bmshj2018-factorized,1,20,33.04,0.9568,0.9967,0.5752,4.96 × 10^-4,1.55 × 10^-2
bmshj2018-factorized,1,21,32.68,0.9354,1.006,0.5423,5.39 × 10^-4,1.7 × 10^-2
bmshj2018-factorized,1,22,36.47,0.9646,0.9976,0.2983,2.26 × 10^-4,1.04 × 10^-2
bmshj2018-factorized,1,23,31.44,0.9544,1.003,0.7074,7.17 × 10^-4,1.8 × 10^-2
bmshj2018-factorized,1,0,33.74,0.9704,1.0018,1.2649,4.23 × 10^-4,1.58 × 10^-2
bmshj2018-factorized,1,1,35.37,0.9472,1.0069,0.6242,2.9 × 10^-4,1.24 × 10^-2
bmshj2018-factorized,1,2,37.75,0.9722,1.0041,0.507,1.68 × 10^-4,9.14 × 10^-3
bmshj2018-factorized,1,3,35.8,0.9567,1.0085,0.6438,2.63 × 10^-4,1.2 × 10^-2
bmshj2018-factorized,1,4,34.01,0.9767,0.9979,1.24,3.97 × 10^-4,1.51 × 10^-2
bmshj2018-factorized,1,5,34.73,0.9674,0.9997,0.9541,3.36 × 10^-4,1.36 × 10^-2
bmshj2018-factorized,1,6,37.54,0.9808,1.0097,0.6152,1.76 × 10^-4,9.4 × 10^-3
bmshj2018-factorized,1,7,33.26,0.9713,1.0019,1.3265,4.72 × 10^-4,1.66 × 10^-2
bmshj2018-factorized,1,8,37.28,0.9675,1.0033,0.5279,1.87 × 10^-4,1.01 × 10^-2
bmshj2018-factorized,1,9,36.91,0.9649,1.0082,0.5632,2.03 × 10^-4,1.06 × 10^-2
bmshj2018-factorized,1,10,35.03,0.9612,1.0021,0.8348,3.14 × 10^-4,1.3 × 10^-2
bmshj2018-factorized,1,11,36.77,0.9596,1.006,0.5317,2.1 × 10^-4,1.07 × 10^-2
bmshj2018-factorized,1,12,32.11,0.9688,0.9991,1.6565,6.15 × 10^-4,1.91 × 10^-2
bmshj2018-factorized,1,13,34.03,0.9612,1.0039,1.0341,3.96 × 10^-4,1.51 × 10^-2
bmshj2018-factorized,1,14,36.03,0.9612,1.0044,0.6189,2.5 × 10^-4,1.11 × 10^-2
bmshj2018-factorized,1,15,36.06,0.9654,1.0003,0.6728,2.48 × 10^-4,1.16 × 10^-2
bmshj2018-factorized,1,16,36.4,0.9664,1.0023,0.6239,2.29 × 10^-4,1.11 × 10^-2
bmshj2018-factorized,1,17,33.68,0.959,1.0036,1.0584,4.29 × 10^-4,1.55 × 10^-2
bmshj2018-factorized,1,18,35.2,0.9623,0.9997,0.7849,3.02 × 10^-4,1.3 × 10^-2
bmshj2018-factorized,1,19,36.76,0.9692,1.0034,0.5693,2.11 × 10^-4,9.63 × 10^-3
bmshj2018-factorized,1,20,35.19,0.9673,0.9992,0.8613,3.03 × 10^-4,1.27 × 10^-2
bmshj2018-factorized,1,21,34.57,0.9549,1.0136,0.8473,3.49 × 10^-4,1.4 × 10^-2
bmshj2018-factorized,1,22,37.98,0.971,1.0058,0.4567,1.59 × 10^-4,9.06 × 10^-3
bmshj2018-factorized,1,23,33.81,0.9697,1.0103,1.0505,4.16 × 10^-4,1.42 × 10^-2
bmshj2018-factorized,1,0,36.03,0.9819,1.0028,1.637,2.49 × 10^-4,1.22 × 10^-2
bmshj2018-factorized,1,1,36.94,0.9615,1.0089,0.8397,2.02 × 10^-4,1.05 × 10^-2
bmshj2018-factorized,1,2,39.47,0.9791,1.0036,0.6322,1.13 × 10^-4,7.65 × 10^-3
bmshj2018-factorized,1,3,37.43,0.9681,1.0047,0.8437,1.81 × 10^-4,1.01 × 10^-2
bmshj2018-factorized,1,4,36.04,0.9849,0.9996,1.5674,2.49 × 10^-4,1.2 × 10^-2
bmshj2018-factorized,1,5,36.85,0.9783,1.0027,1.2268,2.06 × 10^-4,1.08 × 10^-2
bmshj2018-factorized,1,6,39.26,0.9852,1.0033,0.7552,1.18 × 10^-4,7.87 × 10^-3
bmshj2018-factorized,1,7,35.32,0.9808,1.002,1.7069,2.94 × 10^-4,1.32 × 10^-2
bmshj2018-factorized,1,8,38.76,0.9722,1.0038,0.6505,1.33 × 10^-4,8.76 × 10^-3
bmshj2018-factorized,1,9,38.4,0.9717,1.0067,0.7034,1.45 × 10^-4,9.12 × 10^-3
bmshj2018-factorized,1,10,37.0,0.9741,1.0026,1.0944,2.0 × 10^-4,1.05 × 10^-2
bmshj2018-factorized,1,11,38.43,0.97,1.0032,0.6904,1.44 × 10^-4,8.97 × 10^-3
bmshj2018-factorized,1,12,34.36,0.9821,1.0021,2.1067,3.66 × 10^-4,1.47 × 10^-2
bmshj2018-factorized,1,13,36.0,0.9749,1.0041,1.3527,2.51 × 10^-4,1.21 × 10^-2
bmshj2018-factorized,1,14,37.69,0.9711,1.0012,0.8008,1.7 × 10^-4,9.34 × 10^-3
bmshj2018-factorized,1,15,38.1,0.9766,1.0048,0.878,1.55 × 10^-4,9.33 × 10^-3
bmshj2018-factorized,1,16,38.01,0.9746,1.0021,0.7883,1.58 × 10^-4,9.34 × 10^-3
bmshj2018-factorized,1,17,35.38,0.9698,1.0045,1.3646,2.9 × 10^-4,1.28 × 10^-2
bmshj2018-factorized,1,18,37.16,0.9731,1.0029,1.0291,1.92 × 10^-4,1.06 × 10^-2
bmshj2018-factorized,1,19,38.58,0.9766,1.0019,0.7275,1.39 × 10^-4,7.78 × 10^-3
bmshj2018-factorized,1,20,37.06,0.974,1.0018,1.0872,1.97 × 10^-4,1.05 × 10^-2
bmshj2018-factorized,1,21,36.45,0.9683,1.0043,1.1202,2.26 × 10^-4,1.14 × 10^-2
bmshj2018-factorized,1,22,39.36,0.976,0.9996,0.5557,1.16 × 10^-4,7.87 × 10^-3
bmshj2018-factorized,1,23,35.57,0.9797,1.0078,1.3383,2.78 × 10^-4,1.15 × 10^-2
bmshj2018-factorized,1,0,38.3,0.9888,1.0023,2.0603,1.48 × 10^-4,9.48 × 10^-3
bmshj2018-factorized,1,1,38.96,0.9738,1.0065,1.15,1.27 × 10^-4,8.55 × 10^-3
bmshj2018-factorized,1,3,39.3,0.9779,1.0011,1.1248,1.18 × 10^-4,8.26 × 10^-3
bmshj2018-factorized,1,4,38.11,0.9902,1.0006,1.9595,1.55 × 10^-4,9.46 × 10^-3
bmshj2018-factorized,1,5,38.91,0.9855,1.0029,1.5676,1.29 × 10^-4,8.58 × 10^-3
bmshj2018-factorized,1,7,37.42,0.9879,1.0014,2.1548,1.81 × 10^-4,1.04 × 10^-2
bmshj2018-factorized,1,9,39.87,0.9775,1.0031,0.9224,1.03 × 10^-4,7.84 × 10^-3
bmshj2018-factorized,1,10,39.07,0.9832,1.0021,1.4306,1.24 × 10^-4,8.4 × 10^-3
bmshj2018-factorized,1,12,36.58,0.9894,1.0034,2.6134,2.2 × 10^-4,1.13 × 10^-2
bmshj2018-factorized,1,13,38.08,0.9842,1.0036,1.7511,1.55 × 10^-4,9.49 × 10^-3
bmshj2018-factorized,1,14,39.58,0.9793,1.0011,1.0537,1.1 × 10^-4,7.72 × 10^-3
bmshj2018-factorized,1,16,39.69,0.9813,1.0001,1.0317,1.07 × 10^-4,7.8 × 10^-3
bmshj2018-factorized,1,17,37.23,0.979,1.0049,1.7723,1.89 × 10^-4,1.04 × 10^-2
bmshj2018-factorized,1,18,39.07,0.9804,0.9998,1.3452,1.24 × 10^-4,8.61 × 10^-3
bmshj2018-factorized,1,20,38.88,0.9791,1.0007,1.3816,1.29 × 10^-4,8.7 × 10^-3
bmshj2018-factorized,1,21,38.33,0.9777,1.0052,1.4741,1.47 × 10^-4,9.27 × 10^-3
bmshj2018-factorized,1,23,37.26,0.9864,1.0043,1.6904,1.88 × 10^-4,9.37 × 10^-3
bmshj2018-factorized,1,4,39.74,0.9933,0.9993,2.4171,1.06 × 10^-4,7.74 × 10^-3
bmshj2018-factorized,1,7,39.17,0.9923,1.0,2.6714,1.21 × 10^-4,8.46 × 10^-3
bmshj2018-factorized,1,12,38.43,0.9934,1.002,3.1439,1.44 × 10^-4,9.05 × 10^-3
bmshj2018-factorized,1,13,39.6,0.9899,1.0007,2.2156,1.1 × 10^-4,7.71 × 10^-3
bmshj2018-factorized,1,17,38.73,0.9857,1.0019,2.2502,1.34 × 10^-4,8.57 × 10^-3
bmshj2018-factorized,1,21,39.96,0.9842,1.002,1.9038,1.01 × 10^-4,7.64 × 10^-3
bmshj2018-factorized,1,23,38.4,0.9905,1.0023,2.0986,1.44 × 10^-4,7.9 × 10^-3
bmshj2018-factorized,1,0,27.72,0.8931,0.9938,0.3709,1.69 × 10^-3,3.02 × 10^-2
bmshj2018-factorized,1,1,31.29,0.894,0.9949,0.1657,7.43 × 10^-4,1.83 × 10^-2
bmshj2018-factorized,1,2,33.21,0.9426,1.0036,0.1627,4.77 × 10^-4,1.4 × 10^-2
bmshj2018-factorized,1,3,31.4,0.906,1.0148,0.1877,7.25 × 10^-4,1.86 × 10^-2
bmshj2018-factorized,1,4,28.25,0.9222,1.0015,0.4291,1.5 × 10^-3,2.84 × 10^-2
bmshj2018-factorized,1,5,29.14,0.9072,0.9994,0.2984,1.22 × 10^-3,2.44 × 10^-2
bmshj2018-factorized,1,6,32.63,0.9594,1.0048,0.2222,5.45 × 10^-4,1.52 × 10^-2
bmshj2018-factorized,1,7,27.84,0.9263,1.0079,0.4547,1.65 × 10^-3,2.94 × 10^-2
bmshj2018-factorized,1,8,33.07,0.946,1.0092,0.1818,4.93 × 10^-4,1.47 × 10^-2
bmshj2018-factorized,1,9,32.81,0.9376,1.0137,0.1938,5.24 × 10^-4,1.57 × 10^-2
bmshj2018-factorized,1,10,29.91,0.9,1.0047,0.2511,1.02 × 10^-3,2.19 × 10^-2
bmshj2018-factorized,1,11,32.63,0.9189,1.0118,0.1595,5.45 × 10^-4,1.6 × 10^-2
bmshj2018-factorized,1,12,25.57,0.8661,1.0055,0.5041,2.77 × 10^-3,3.9 × 10^-2
bmshj2018-factorized,1,13,28.79,0.8885,1.0081,0.3144,1.32 × 10^-3,2.65 × 10^-2
bmshj2018-factorized,1,14,31.48,0.9192,1.0023,0.1847,7.12 × 10^-4,1.71 × 10^-2
bmshj2018-factorized,1,15,31.08,0.9102,1.0044,0.1972,7.8 × 10^-4,1.94 × 10^-2
bmshj2018-factorized,1,16,31.75,0.9295,1.008,0.204,6.69 × 10^-4,1.77 × 10^-2
bmshj2018-factorized,1,17,28.25,0.8948,1.0198,0.3353,1.5 × 10^-3,2.71 × 10^-2
bmshj2018-factorized,1,18,30.42,0.9049,0.9957,0.2258,9.08 × 10^-4,2.11 × 10^-2
bmshj2018-factorized,1,19,32.29,0.9329,1.0015,0.1793,5.9 × 10^-4,1.41 × 10^-2
bmshj2018-factorized,1,20,29.76,0.9288,1.0078,0.2825,1.06 × 10^-3,2.14 × 10^-2
bmshj2018-factorized,1,21,29.7,0.8855,1.0101,0.2343,1.07 × 10^-3,2.31 × 10^-2
bmshj2018-factorized,1,22,33.98,0.9519,1.0009,0.1606,4.0 × 10^-4,1.33 × 10^-2
bmshj2018-factorized,1,23,28.25,0.9112,1.0063,0.3431,1.5 × 10^-3,2.52 × 10^-2
bmshj2018-factorized,1,0,31.59,0.9528,0.993,0.8307,6.93 × 10^-4,1.99 × 10^-2
bmshj2018-factorized,1,1,33.89,0.9304,0.9929,0.3541,4.08 × 10^-4,1.42 × 10^-2
bmshj2018-factorized,1,2,36.55,0.9667,1.0028,0.3114,2.21 × 10^-4,1.01 × 10^-2
bmshj2018-factorized,1,3,34.26,0.9424,0.9928,0.3816,3.75 × 10^-4,1.39 × 10^-2
bmshj2018-factorized,1,4,32.21,0.965,0.9986,0.8176,6.01 × 10^-4,1.83 × 10^-2
bmshj2018-factorized,1,5,32.95,0.9533,0.999,0.6194,5.08 × 10^-4,1.64 × 10^-2
bmshj2018-factorized,1,6,36.12,0.9767,1.0005,0.3909,2.44 × 10^-4,1.06 × 10^-2
bmshj2018-factorized,1,7,31.56,0.9593,0.9992,0.8573,6.98 × 10^-4,1.98 × 10^-2
bmshj2018-factorized,1,8,36.07,0.963,0.9968,0.3299,2.47 × 10^-4,1.12 × 10^-2
bmshj2018-factorized,1,9,35.88,0.9603,0.9985,0.3469,2.58 × 10^-4,1.16 × 10^-2
bmshj2018-factorized,1,10,33.21,0.9443,0.9983,0.5168,4.78 × 10^-4,1.57 × 10^-2
bmshj2018-factorized,1,11,35.37,0.948,0.9998,0.3155,2.91 × 10^-4,1.21 × 10^-2
bmshj2018-factorized,1,12,29.78,0.9464,0.9947,1.1302,1.05 × 10^-3,2.47 × 10^-2
bmshj2018-factorized,1,13,32.21,0.9428,0.9981,0.6523,6.01 × 10^-4,1.83 × 10^-2
bmshj2018-factorized,1,14,34.51,0.9493,0.9937,0.3663,3.54 × 10^-4,1.27 × 10^-2
bmshj2018-factorized,1,15,34.4,0.9521,0.9979,0.4155,3.63 × 10^-4,1.36 × 10^-2
bmshj2018-factorized,1,16,34.88,0.9566,1.0005,0.383,3.25 × 10^-4,1.29 × 10^-2
bmshj2018-factorized,1,17,31.79,0.9439,0.998,0.6867,6.63 × 10^-4,1.87 × 10^-2
bmshj2018-factorized,1,18,33.55,0.9474,0.9953,0.467,4.42 × 10^-4,1.52 × 10^-2
bmshj2018-factorized,1,19,35.28,0.9596,1.0031,0.3428,2.96 × 10^-4,1.04 × 10^-2
bmshj2018-factorized,1,20,33.44,0.9585,0.9996,0.5671,4.53 × 10^-4,1.49 × 10^-2
bmshj2018-factorized,1,21,32.9,0.9371,1.0015,0.5173,5.13 × 10^-4,1.66 × 10^-2
bmshj2018-factorized,1,22,36.73,0.9663,0.9944,0.282,2.12 × 10^-4,1.01 × 10^-2
bmshj2018-factorized,1,23,32.24,0.9582,0.9966,0.6955,5.96 × 10^-4,1.66 × 10^-2
bmshj2018-factorized,1,0,33.53,0.9693,0.9939,1.1151,4.44 × 10^-4,1.61 × 10^-2
bmshj2018-factorized,1,1,35.37,0.9471,0.9971,0.4943,2.9 × 10^-4,1.23 × 10^-2
bmshj2018-factorized,1,2,38.08,0.9743,0.9986,0.3962,1.55 × 10^-4,8.7 × 10^-3
bmshj2018-factorized,1,3,35.77,0.9565,0.9944,0.5176,2.65 × 10^-4,1.19 × 10^-2
bmshj2018-factorized,1,4,34.05,0.9767,0.9963,1.0603,3.94 × 10^-4,1.49 × 10^-2
bmshj2018-factorized,1,5,34.82,0.9679,0.9951,0.8222,3.3 × 10^-4,1.34 × 10^-2
bmshj2018-factorized,1,6,37.74,0.9818,0.9987,0.4855,1.68 × 10^-4,9.06 × 10^-3
bmshj2018-factorized,1,7,33.22,0.9703,0.9985,1.121,4.77 × 10^-4,1.65 × 10^-2
bmshj2018-factorized,1,8,37.44,0.9685,0.9969,0.4109,1.8 × 10^-4,9.85 × 10^-3
bmshj2018-factorized,1,9,37.28,0.9677,0.9956,0.4376,1.87 × 10^-4,1.01 × 10^-2
bmshj2018-factorized,1,10,34.89,0.961,0.9965,0.6988,3.24 × 10^-4,1.31 × 10^-2
bmshj2018-factorized,1,11,36.9,0.9605,0.9968,0.4232,2.04 × 10^-4,1.04 × 10^-2
bmshj2018-factorized,1,12,31.28,0.9658,0.9937,1.4684,7.45 × 10^-4,2.05 × 10^-2
bmshj2018-factorized,1,13,33.96,0.9613,0.9934,0.8875,4.02 × 10^-4,1.5 × 10^-2
bmshj2018-factorized,1,14,35.99,0.9605,0.9969,0.4897,2.52 × 10^-4,1.1 × 10^-2
bmshj2018-factorized,1,15,36.18,0.9665,0.9984,0.5651,2.41 × 10^-4,1.13 × 10^-2
bmshj2018-factorized,1,16,36.35,0.9665,1.0,0.4949,2.32 × 10^-4,1.1 × 10^-2
bmshj2018-factorized,1,17,33.19,0.9578,0.9945,0.8994,4.8 × 10^-4,1.59 × 10^-2
bmshj2018-factorized,1,18,35.29,0.9629,0.9922,0.6472,2.96 × 10^-4,1.28 × 10^-2
bmshj2018-factorized,1,19,36.89,0.9697,0.9973,0.4563,2.05 × 10^-4,8.94 × 10^-3
bmshj2018-factorized,1,20,35.1,0.9671,0.9962,0.7309,3.09 × 10^-4,1.27 × 10^-2
bmshj2018-factorized,1,21,34.55,0.9551,0.998,0.7142,3.51 × 10^-4,1.39 × 10^-2
bmshj2018-factorized,1,22,38.04,0.9719,0.9945,0.3482,1.57 × 10^-4,8.88 × 10^-3
bmshj2018-factorized,1,23,33.8,0.971,0.9961,0.8961,4.17 × 10^-4,1.39 × 10^-2
bmshj2018-factorized,1,0,27.54,0.8903,0.9896,0.3513,1.76 × 10^-3,3.07 × 10^-2
bmshj2018-factorized,1,1,31.05,0.8912,0.9977,0.1592,7.84 × 10^-4,1.86 × 10^-2
bmshj2018-factorized,1,2,33.07,0.9405,1.0012,0.1552,4.93 × 10^-4,1.42 × 10^-2
bmshj2018-factorized,1,3,31.31,0.9047,0.9999,0.1817,7.4 × 10^-4,1.88 × 10^-2
bmshj2018-factorized,1,4,28.08,0.9197,1.0008,0.421,1.56 × 10^-3,2.89 × 10^-2
bmshj2018-factorized,1,5,29.04,0.9048,1.0117,0.285,1.25 × 10^-3,2.47 × 10^-2
bmshj2018-factorized,1,6,32.52,0.9588,1.0047,0.2158,5.6 × 10^-4,1.52 × 10^-2
bmshj2018-factorized,1,7,27.63,0.9239,1.0048,0.4343,1.73 × 10^-3,3.01 × 10^-2
bmshj2018-factorized,1,8,32.85,0.9442,1.005,0.1791,5.19 × 10^-4,1.5 × 10^-2
bmshj2018-factorized,1,9,32.61,0.9365,1.01,0.1886,5.48 × 10^-4,1.58 × 10^-2
bmshj2018-factorized,1,10,29.73,0.8972,1.0097,0.2433,1.06 × 10^-3,2.23 × 10^-2
bmshj2018-factorized,1,11,32.5,0.9171,1.0054,0.1549,5.62 × 10^-4,1.62 × 10^-2
bmshj2018-factorized,1,12,25.46,0.8626,1.0023,0.4881,2.85 × 10^-3,3.95 × 10^-2
bmshj2018-factorized,1,13,28.59,0.884,0.9966,0.3063,1.38 × 10^-3,2.69 × 10^-2
bmshj2018-factorized,1,14,31.45,0.9184,0.999,0.1723,7.16 × 10^-4,1.71 × 10^-2
bmshj2018-factorized,1,15,30.93,0.9069,1.0096,0.1913,8.07 × 10^-4,1.97 × 10^-2
bmshj2018-factorized,1,16,31.57,0.9274,1.0101,0.2002,6.97 × 10^-4,1.79 × 10^-2
bmshj2018-factorized,1,17,28.06,0.8922,1.0125,0.3252,1.56 × 10^-3,2.75 × 10^-2
bmshj2018-factorized,1,18,30.27,0.9018,1.0094,0.2129,9.39 × 10^-4,2.13 × 10^-2
bmshj2018-factorized,1,19,32.05,0.9305,1.0002,0.1684,6.24 × 10^-4,1.45 × 10^-2
bmshj2018-factorized,1,20,29.6,0.9269,1.0051,0.2752,1.1 × 10^-3,2.17 × 10^-2
bmshj2018-factorized,1,21,29.54,0.8815,1.0086,0.2267,1.11 × 10^-3,2.35 × 10^-2
bmshj2018-factorized,1,22,33.64,0.95,0.9976,0.1582,4.33 × 10^-4,1.37 × 10^-2
bmshj2018-factorized,1,23,28.07,0.9088,0.9998,0.3332,1.56 × 10^-3,2.56 × 10^-2
bmshj2018-factorized,1,0,29.17,0.9232,0.9915,0.519,1.21 × 10^-3,2.58 × 10^-2
bmshj2018-factorized,1,1,32.26,0.9093,0.98,0.2182,5.94 × 10^-4,1.66 × 10^-2
bmshj2018-factorized,1,2,34.57,0.9539,0.9938,0.2024,3.49 × 10^-4,1.23 × 10^-2
bmshj2018-factorized,1,3,32.62,0.9238,0.995,0.2452,5.47 × 10^-4,1.64 × 10^-2
bmshj2018-factorized,1,4,29.77,0.9446,0.9944,0.5721,1.05 × 10^-3,2.38 × 10^-2
bmshj2018-factorized,1,5,30.53,0.9298,1.0012,0.3968,8.85 × 10^-4,2.1 × 10^-2
bmshj2018-factorized,1,6,34.17,0.9688,1.0004,0.2733,3.83 × 10^-4,1.28 × 10^-2
bmshj2018-factorized,1,7,29.08,0.9412,1.0013,0.5783,1.24 × 10^-3,2.56 × 10^-2
bmshj2018-factorized,1,8,34.35,0.9547,0.997,0.2257,3.67 × 10^-4,1.3 × 10^-2
bmshj2018-factorized,1,9,34.17,0.9497,0.9979,0.2387,3.83 × 10^-4,1.36 × 10^-2
bmshj2018-factorized,1,10,31.11,0.921,0.9974,0.334,7.74 × 10^-4,1.93 × 10^-2
bmshj2018-factorized,1,11,33.79,0.9326,0.9985,0.2025,4.17 × 10^-4,1.42 × 10^-2
bmshj2018-factorized,1,12,26.7,0.9051,1.002,0.6885,2.14 × 10^-3,3.4 × 10^-2
bmshj2018-factorized,1,13,30.14,0.9161,0.9944,0.4333,9.69 × 10^-4,2.27 × 10^-2
bmshj2018-factorized,1,14,32.67,0.9332,0.9962,0.2304,5.41 × 10^-4,1.51 × 10^-2
bmshj2018-factorized,1,15,32.49,0.9313,0.9943,0.2662,5.64 × 10^-4,1.66 × 10^-2
bmshj2018-factorized,1,16,32.93,0.9426,0.9979,0.2579,5.1 × 10^-4,1.55 × 10^-2
bmshj2018-factorized,1,17,29.42,0.9203,1.0023,0.4493,1.14 × 10^-3,2.35 × 10^-2
bmshj2018-factorized,1,18,31.69,0.9252,1.0,0.2999,6.77 × 10^-4,1.84 × 10^-2
bmshj2018-factorized,1,19,33.44,0.9457,0.9961,0.2224,4.53 × 10^-4,1.24 × 10^-2
bmshj2018-factorized,1,20,31.13,0.9435,0.9993,0.3698,7.72 × 10^-4,1.86 × 10^-2
bmshj2018-factorized,1,21,31.01,0.9112,0.9999,0.3269,7.93 × 10^-4,2.01 × 10^-2
bmshj2018-factorized,1,22,35.08,0.9582,0.9908,0.1929,3.1 × 10^-4,1.18 × 10^-2
bmshj2018-factorized,1,23,29.37,0.9353,0.994,0.4513,1.16 × 10^-3,2.18 × 10^-2
bmshj2018-factorized,1,0,31.53,0.9537,0.9914,0.8354,7.03 × 10^-4,2.01 × 10^-2
bmshj2018-factorized,1,1,33.89,0.9313,0.9849,0.3711,4.08 × 10^-4,1.43 × 10^-2
bmshj2018-factorized,1,2,36.4,0.9661,1.0037,0.3173,2.29 × 10^-4,1.03 × 10^-2
bmshj2018-factorized,1,3,34.18,0.9423,1.0001,0.3924,3.82 × 10^-4,1.41 × 10^-2
bmshj2018-factorized,1,4,32.12,0.9652,1.0007,0.8444,6.14 × 10^-4,1.86 × 10^-2
bmshj2018-factorized,1,5,32.84,0.9535,0.994,0.6294,5.2 × 10^-4,1.66 × 10^-2
bmshj2018-factorized,1,6,36.04,0.9765,1.0079,0.3992,2.49 × 10^-4,1.08 × 10^-2
bmshj2018-factorized,1,7,31.4,0.9594,1.0011,0.8849,7.25 × 10^-4,2.02 × 10^-2
bmshj2018-factorized,1,8,35.98,0.9629,0.9968,0.3366,2.53 × 10^-4,1.13 × 10^-2
bmshj2018-factorized,1,9,35.76,0.9597,1.0001,0.3593,2.65 × 10^-4,1.17 × 10^-2
bmshj2018-factorized,1,10,33.16,0.945,0.996,0.5325,4.83 × 10^-4,1.57 × 10^-2
bmshj2018-factorized,1,11,35.32,0.948,0.9972,0.3256,2.94 × 10^-4,1.22 × 10^-2
bmshj2018-factorized,1,12,29.75,0.9477,0.997,1.1338,1.06 × 10^-3,2.48 × 10^-2
bmshj2018-factorized,1,13,32.2,0.9437,1.0015,0.6756,6.03 × 10^-4,1.83 × 10^-2
bmshj2018-factorized,1,14,34.44,0.9496,0.9968,0.3788,3.59 × 10^-4,1.29 × 10^-2
bmshj2018-factorized,1,15,34.33,0.9525,0.9878,0.4222,3.69 × 10^-4,1.38 × 10^-2
bmshj2018-factorized,1,16,34.86,0.9566,1.0013,0.3964,3.26 × 10^-4,1.29 × 10^-2
bmshj2018-factorized,1,17,31.82,0.9449,1.0021,0.7006,6.57 × 10^-4,1.87 × 10^-2
bmshj2018-factorized,1,18,33.56,0.9486,1.0004,0.4858,4.41 × 10^-4,1.52 × 10^-2
bmshj2018-factorized,1,19,35.25,0.9605,1.0018,0.359,2.98 × 10^-4,1.09 × 10^-2
bmshj2018-factorized,1,20,33.37,0.9588,0.9962,0.5749,4.6 × 10^-4,1.51 × 10^-2
bmshj2018-factorized,1,21,32.85,0.9375,1.0066,0.5309,5.19 × 10^-4,1.67 × 10^-2
bmshj2018-factorized,1,22,36.56,0.9654,1.0014,0.2894,2.21 × 10^-4,1.03 × 10^-2
bmshj2018-factorized,1,23,32.17,0.958,0.9983,0.7064,6.07 × 10^-4,1.69 × 10^-2
bmshj2018-factorized,1,0,33.29,0.9688,0.9905,1.1046,4.68 × 10^-4,1.65 × 10^-2
bmshj2018-factorized,1,1,35.3,0.9476,0.9874,0.5118,2.95 × 10^-4,1.25 × 10^-2
bmshj2018-factorized,1,2,37.76,0.9732,0.9924,0.3986,1.67 × 10^-4,8.97 × 10^-3
bmshj2018-factorized,1,3,35.65,0.9564,0.9958,0.5223,2.72 × 10^-4,1.21 × 10^-2
bmshj2018-factorized,1,4,33.87,0.9765,0.9965,1.0749,4.1 × 10^-4,1.52 × 10^-2
bmshj2018-factorized,1,5,34.56,0.9672,0.9873,0.8249,3.5 × 10^-4,1.38 × 10^-2
bmshj2018-factorized,1,6,37.51,0.9814,1.0023,0.4906,1.77 × 10^-4,9.3 × 10^-3
bmshj2018-factorized,1,7,32.92,0.97,0.9969,1.1348,5.11 × 10^-4,1.71 × 10^-2
bmshj2018-factorized,1,8,37.27,0.9683,0.9953,0.4162,1.87 × 10^-4,1.0 × 10^-2
bmshj2018-factorized,1,9,37.08,0.9671,0.9955,0.4441,1.96 × 10^-4,1.03 × 10^-2
bmshj2018-factorized,1,10,34.76,0.9608,0.9943,0.7037,3.34 × 10^-4,1.33 × 10^-2
bmshj2018-factorized,1,11,36.7,0.9598,1.002,0.4259,2.14 × 10^-4,1.07 × 10^-2
bmshj2018-factorized,1,12,31.15,0.9654,0.9929,1.4518,7.68 × 10^-4,2.09 × 10^-2
bmshj2018-factorized,1,13,33.77,0.9609,0.9951,0.8978,4.2 × 10^-4,1.53 × 10^-2
bmshj2018-factorized,1,14,35.8,0.9604,0.9963,0.4955,2.63 × 10^-4,1.12 × 10^-2
bmshj2018-factorized,1,15,36.05,0.9659,0.9889,0.5633,2.48 × 10^-4,1.15 × 10^-2
bmshj2018-factorized,1,16,36.22,0.9662,1.0001,0.5031,2.39 × 10^-4,1.12 × 10^-2
bmshj2018-factorized,1,17,33.15,0.9576,0.9984,0.9023,4.84 × 10^-4,1.61 × 10^-2
bmshj2018-factorized,1,18,35.14,0.9626,0.9965,0.6523,3.06 × 10^-4,1.3 × 10^-2
bmshj2018-factorized,1,19,36.77,0.9698,0.999,0.4632,2.11 × 10^-4,9.33 × 10^-3
bmshj2018-factorized,1,20,34.89,0.9668,0.9936,0.7287,3.24 × 10^-4,1.29 × 10^-2
bmshj2018-factorized,1,21,34.43,0.9549,0.9958,0.7128,3.6 × 10^-4,1.41 × 10^-2
bmshj2018-factorized,1,22,37.83,0.9712,0.9995,0.3526,1.65 × 10^-4,9.1 × 10^-3
bmshj2018-factorized,1,23,33.58,0.9703,0.9959,0.8968,4.38 × 10^-4,1.43 × 10^-2
bmshj2018-factorized,1,0,35.07,0.9787,0.9971,1.4113,3.11 × 10^-4,1.35 × 10^-2
bmshj2018-factorized,1,1,36.85,0.9612,0.993,0.7016,2.07 × 10^-4,1.06 × 10^-2
bmshj2018-factorized,1,2,39.34,0.9796,0.9973,0.5062,1.17 × 10^-4,7.58 × 10^-3
bmshj2018-factorized,1,3,37.25,0.9676,0.9959,0.696,1.89 × 10^-4,1.02 × 10^-2
bmshj2018-factorized,1,4,35.66,0.9841,0.9978,1.3507,2.72 × 10^-4,1.23 × 10^-2
bmshj2018-factorized,1,5,36.43,0.9775,1.0021,1.0679,2.27 × 10^-4,1.12 × 10^-2
bmshj2018-factorized,1,6,39.19,0.9854,1.0007,0.6064,1.2 × 10^-4,7.81 × 10^-3
bmshj2018-factorized,1,7,34.6,0.9789,1.0,1.446,3.47 × 10^-4,1.41 × 10^-2
bmshj2018-factorized,1,8,38.61,0.9723,0.9995,0.5179,1.38 × 10^-4,8.83 × 10^-3
bmshj2018-factorized,1,9,38.48,0.9728,0.9994,0.5587,1.42 × 10^-4,8.97 × 10^-3
bmshj2018-factorized,1,10,36.51,0.9733,0.9991,0.9362,2.23 × 10^-4,1.09 × 10^-2
bmshj2018-factorized,1,11,38.33,0.9701,0.9985,0.5715,1.47 × 10^-4,8.97 × 10^-3
bmshj2018-factorized,1,12,32.48,0.9761,1.0004,1.8008,5.65 × 10^-4,1.77 × 10^-2
bmshj2018-factorized,1,13,35.44,0.9738,0.9924,1.1757,2.86 × 10^-4,1.25 × 10^-2
bmshj2018-factorized,1,14,37.33,0.9698,0.9966,0.65,1.85 × 10^-4,9.57 × 10^-3
bmshj2018-factorized,1,15,37.94,0.9764,1.0009,0.7504,1.61 × 10^-4,9.4 × 10^-3
bmshj2018-factorized,1,16,37.69,0.9742,1.0011,0.6467,1.7 × 10^-4,9.51 × 10^-3
bmshj2018-factorized,1,17,34.45,0.9675,0.9981,1.1492,3.59 × 10^-4,1.38 × 10^-2
bmshj2018-factorized,1,18,36.76,0.9717,1.0005,0.854,2.11 × 10^-4,1.09 × 10^-2
bmshj2018-factorized,1,19,38.28,0.9759,1.0,0.5904,1.49 × 10^-4,7.74 × 10^-3
bmshj2018-factorized,1,20,36.44,0.973,1.0006,0.9127,2.27 × 10^-4,1.11 × 10^-2
bmshj2018-factorized,1,21,36.0,0.9671,1.0,0.9412,2.51 × 10^-4,1.19 × 10^-2
bmshj2018-factorized,1,22,39.08,0.976,0.9975,0.434,1.24 × 10^-4,7.95 × 10^-3
bmshj2018-factorized,1,23,35.02,0.9792,0.9987,1.1282,3.15 × 10^-4,1.19 × 10^-2
